Family,Genus,CommonName,Species,Species (ITIS),BodyMass_kg,BodyMassMale_kg,BodyMassFemale_kg,Refs1
Cercopithecidae,Allenopithecus,Allen_s_Swamp_Monkey,Allenopithecus_nigroviridis,Allenopithecus_nigroviridis,4.65,6.13,3.18,210
Cercopithecidae,Allenopithecus,Allen_s_Swamp_Monkey,Allenopithecus_nigroviridis,Allenopithecus_nigroviridis,5.95,NA,NA,371
Cheirogaleidae,Allocebus,Hairy_eared_Dwarf_Lemur,Allocebus_trichotis,Allocebus_trichotis,0.08,0.092,0.084,315
Cheirogaleidae,Allocebus,Hairy_eared_Dwarf_Lemur,Allocebus_trichotis,Allocebus_trichotis,0.08,NA,NA,264
Cercopithecidae,Allochrocebus,L_Hoest_s_Monkey,Allochrocebus_lhoesti,Allochrocebus_lhoesti,5,7,3,155
Cercopithecidae,Allochrocebus,L_Hoest_s_Monkey,Allochrocebus_lhoesti,Allochrocebus_lhoesti,6,NA,NA,375
Cercopithecidae,Allochrocebus,Preuss_s_Monkey,Allochrocebus_preussi,Allochrocebus_preussi,3.8,4.7,2.9,333
Cercopithecidae,Allochrocebus,Preuss_s_Monkey,Allochrocebus_preussi,Allochrocebus_preussi,5.25,NA,NA,155
Cercopithecidae,Allochrocebus,Sun_tailed_Monkey,Allochrocebus_solatus,Allochrocebus_solatus,5.4,6.89,3.92,326
Cercopithecidae,Allochrocebus,Sun_tailed_Monkey,Allochrocebus_solatus,Allochrocebus_solatus,7.3,NA,NA,246
Atelidae,Alouatta,Ursine_Red_Howler,Alouatta_arctoidea,Alouatta_arctoidea,6.37,7,5.75,380
Atelidae,Alouatta,Red_handed_Howler,Alouatta_belzebul,Alouatta_belzebul,6.4,7.27,5.52,210
Atelidae,Alouatta,Paraguayan_Howler,Alouatta_caraya,Alouatta_caraya,5.38,6.42,4.33,210
Atelidae,Alouatta,Spix_s_Howler,Alouatta_discolor,Alouatta_discolor,6.37,7.25,5.5,388
Atelidae,Alouatta,Brown_Howler,Alouatta_guariba,Alouatta_guariba,5.54,6.73,4.35,210
Atelidae,Alouatta,Guianan_Red_Howler,Alouatta_macconnelli,Alouatta_macconnelli,6.37,7.2,5.55,393
Atelidae,Alouatta,Amazon_Black_Howler,Alouatta_nigerrima,Alouatta_nigerrima,6.45,NA,NA,396
Atelidae,Alouatta,Mantled_Howler,Alouatta_palliata,Alouatta_palliata,6.12,6.96,5.28,278
Atelidae,Alouatta,Central_American_Black_Howler,Alouatta_pigra,Alouatta_pigra,6.56,7.505,5.608,156
Atelidae,Alouatta,Bolivian_Red_Howler,Alouatta_sara,Alouatta_sara,6.5,NA,NA,401
Atelidae,Alouatta,Colombian_Red_Howler,Alouatta_seniculus,Alouatta_seniculus,5.92,6.66,5.18,278
Atelidae,Alouatta,Colombian_Red_Howler,Alouatta_seniculus,Alouatta_seniculus,6.1,NA,NA,212
Atelidae,Alouatta,Maranhão_Red_handed_Howler,Alouatta_ululata,Alouatta_ululata,4.7,NA,NA,78
Aotidae,Aotus,Azara_s_Night_Monkey,Aotus_azarae,Aotus_azarae,1.21,1.18,1.23,210
Aotidae,Aotus,Brumback_s_Night_Monkey,Aotus_brumbacki,Aotus_brumbacki,0.67,NA,NA,209
Aotidae,Aotus,Gray_legged_Night_Monkey,Aotus_griseimembra,Aotus_griseimembra,0.51,0.1,0.923,334
Aotidae,Aotus,Hernández_Camacho_s_Night_Monkey,Aotus_jorgehernandezi,Aotus_jorgehernandezi,NA,NA,NA,NA
Aotidae,Aotus,Lemurine_Night_Monkey,Aotus_lemurinus,Aotus_lemurinus,0.89,0.921,0.859,295
Aotidae,Aotus,Andean_Night_Monkey,Aotus_miconax,Aotus_miconax,0.8,NA,NA,63
Aotidae,Aotus,Ma_s_Night_Monkey,Aotus_nancymaae,Aotus_nancymaae,0.79,0.795,0.78,210
Aotidae,Aotus,Black_headed_Night_Monkey,Aotus_nigriceps,Aotus_nigriceps,0.96,0.875,1.04,226
Aotidae,Aotus,Humboldt_s_Night_Monkey,Aotus_trivirgatus,Aotus_trivirgatus,0.77,0.813,0.736,210
Aotidae,Aotus,Spix_s_Night_Monkey,Aotus_vociferans,Aotus_vociferans,0.7,0.708,0.698,210
Aotidae,Aotus,Panamanian_Night_Monkey,Aotus_zonalis,Aotus_zonalis,0.9,0.889,0.916,407
Lorisidae,Arctocebus,Golden_Angwantibo,Arctocebus_aureus,Arctocebus_aureus,0.21,NA,NA,422
Lorisidae,Arctocebus,Calabar_Angwantibo,Arctocebus_calabarensis,Arctocebus_calabarensis,0.31,0.312,0.306,210
Atelidae,Ateles,White_bellied_Spider_Monkey,Ateles_belzebuth,Ateles_belzebuth,8.07,8.26,7.88,210
Atelidae,Ateles,Black_Spider_Monkey,Ateles_chamek,Ateles_chamek,9.37,9.41,9.33,210
Atelidae,Ateles,Brown_headed_Spider_Monkey,Ateles_fusciceps,Ateles_fusciceps,9.03,8.89,9.16,210
Atelidae,Ateles,Central_American_Spider_Monkey,Ateles_geoffroyi,Ateles_geoffroyi,7.54,7.45,7.64,296
Atelidae,Ateles,Variegated_Spider_Monkey,Ateles_hybridus,Ateles_hybridus,8.6,8.25,9,438
Atelidae,Ateles,White_whiskered_Spider_Monkey,Ateles_marginatus,Ateles_marginatus,8.1,10.4,5.8,363
Atelidae,Ateles,White_whiskered_Spider_Monkey,Ateles_marginatus,Ateles_marginatus,5.82,NA,NA,228
Atelidae,Ateles,Red_faced_Black_Spider_Monkey,Ateles_paniscus,Ateles_paniscus,8.28,8.49,8.07,278
Indriidae,Avahi,Betsileo_Woolly_Lemur,Avahi_betsileo,Avahi_betsileo,0.92,0.8,1.05,335
Indriidae,Avahi,Betsileo_Woolly_Lemur,Avahi_betsileo,Avahi_betsileo,1.08,NA,NA,264
Indriidae,Avahi,Bemaraha_Woolly_Lemur,Avahi_cleesei,Avahi_cleesei,1.03,1,1.058,336
Indriidae,Avahi,Bemaraha_Woolly_Lemur,Avahi_cleesei,Avahi_cleesei,0.95,NA,NA,264
Indriidae,Avahi,Eastern_Woolly_Lemur,Avahi_laniger,Avahi_laniger,1.17,1.03,1.32,283
Indriidae,Avahi,Eastern_Woolly_Lemur,Avahi_laniger,Avahi_laniger,1.18,NA,NA,264
Indriidae,Avahi,Southern_Woolly_Lemur,Avahi_meridionalis,Avahi_meridionalis,1.15,1.1,1.2,337
Indriidae,Avahi,Southern_Woolly_Lemur,Avahi_meridionalis,Avahi_meridionalis,1.21,NA,NA,265
Indriidae,Avahi,Masoala_Woolly_Lemur,Avahi_mooreorum,Avahi_mooreorum,0.92,NA,NA,264
Indriidae,Avahi,Western_Woolly_Lemur,Avahi_occidentalis,Avahi_occidentalis,0.8,0.814,0.777,210
Indriidae,Avahi,Peyrieras_s_Woolly_Lemur,Avahi_peyrierasi,Avahi_peyrierasi,1.08,NA,NA,447
Indriidae,Avahi,Peyrieras_s_Woolly_Lemur,Avahi_peyrierasi,Avahi_peyrierasi,1.03,NA,NA,264
Indriidae,Avahi,Manombo_Woolly_Lemur,Avahi_ramanantsoavanai,Avahi_ramanantsoavanai,0.96,0.896,1.019,338
Indriidae,Avahi,Manombo_Woolly_Lemur,Avahi_ramanantsoavanai,Avahi_ramanantsoavanai,0.98,NA,NA,264
Indriidae,Avahi,Sambirano_Woolly_Lemur,Avahi_unicolor,Avahi_unicolor,0.85,NA,NA,264
Atelidae,Brachyteles,Southern_Muriqui,Brachyteles_arachnoides,Brachyteles_arachnoides,8.84,9.61,8.07,324
Atelidae,Brachyteles,Northern_Muriqui,Brachyteles_hypoxanthus,Brachyteles_hypoxanthus,9,9.6,8.4,324
Pitheciidae,Cacajao,Ayres_Black_Uakari,NA,Cacajao_ayresi,NA,NA,NA,NA
Pitheciidae,Cacajao,Bald_Uacari,Cacajao_calvus,Cacajao_calvus,3.17,3.45,2.88,212
Pitheciidae,Cacajao,Black_headed_Uacari,NA,Cacajao_hosomi,NA,NA,NA,NA
Pitheciidae,Cacajao,Black_headed_Uacari,Cacajao_melanocephalus,Cacajao_melanocephalus,2.94,3.16,2.71,210
Pitheciidae,Cacajao,Spix_s_Black_headed_Uacari,Cacajao_ouakary,Cacajao_ouakary,2.35,NA,NA,406
Pitheciidae,Cacajao,Spix_s_Black_headed_Uacari,Cacajao_ouakary,Cacajao_ouakary,3.8,NA,NA,209
Callitrichidae,Callibella,Black_crowned_Dwarf_Marmoset,Callibella_humilis,Callibella_humilis,0.12,NA,NA,214
Pitheciidae,Callicebus,Blond_Titi,Callicebus_barbarabrownae,Callicebus_barbarabrownae,1.15,NA,NA,?
Pitheciidae,Callicebus,Coimbra_Filho_s_Titi,Callicebus_coimbrai,Callicebus_coimbrai,NA,NA,1.165,442
Pitheciidae,Callicebus,Coimbra_Filho_s_Titi,Callicebus_coimbrai,Callicebus_coimbrai,1.21,NA,NA,229
Pitheciidae,Callicebus,Southern_Bahian_Titi,Callicebus_melanochir,Callicebus_melanochir,NA,NA,1.4,503
Pitheciidae,Callicebus,Southern_Bahian_Titi,Callicebus_melanochir,Callicebus_melanochir,1.37,NA,NA,230
Pitheciidae,Callicebus,Black_fronted_Titi,Callicebus_nigrifrons,Callicebus_nigrifrons,NA,NA,NA,NA
Pitheciidae,Callicebus,Masked_Titi,Callicebus_personatus,Callicebus_personatus,1.32,1.27,1.38,210
Callitrichidae,Callimico,Goeldi_s_Monkey*,Callimico_goeldii,Callimico_goeldii,0.48,0.499,0.468,210
Callitrichidae,Callithrix,Buffy_tufted_ear_Marmoset,Callithrix_aurita,Callithrix_aurita,0.44,0.453,0.431,339
Callitrichidae,Callithrix,Buffy_headed_Marmoset,Callithrix_flaviceps,Callithrix_flaviceps,0.43,0.43,0.43,340
Callitrichidae,Callithrix,Geoffroy_s_Tufted_ear_Marmoset,Callithrix_geoffroyi,Callithrix_geoffroyi,0.24,0.29,0.19,228
Callitrichidae,Callithrix,Common_Marmoset,Callithrix_jacchus,Callithrix_jacchus,0.32,0.317,0.324,321
Callitrichidae,Callithrix,Wied_s_Black_tufted_ear_Marmoset,Callithrix_kuhlii,Callithrix_kuhlii,0.38,NA,NA,486
Callitrichidae,Callithrix,Black_tufted_ear_Marmoset,Callithrix_penicillata,Callithrix_penicillata,0.33,0.344,0.307,210
Tarsiidae,Carlito,Philippine_Tarsier,Carlito_syrichta,Carlito_syrichta,0.13,0.134,0.117,290
Callitrichidae,Cebuella,Eastern_Pygmy_Marmoset,NA,Cebuella_niveiventris,NA,NA,NA,NA
Callitrichidae,Cebuella,Pygmy_Marmoset,Cebuella_pygmaea,Cebuella_pygmaea,0.12,0.11,0.122,291
Cebidae,Cebus,Ecuadorian_White_fronted_Capuchin,Cebus_aequatorialis,Cebus_aequatorialis,2.19,2.68,1.7,488
Cebidae,Cebus,Humboldt_s_White_fronted_Capuchin,Cebus_albifrons,Cebus_albifrons,2.74,3.18,2.29,278
Cebidae,Cebus,Venezuelan_Brown_Capuchin,Cebus_brunneus,Cebus_brunneus,NA,NA,NA,NA
Cebidae,Cebus,Colombian_White_faced_Capuchin,Cebus_capucinus,Cebus_capucinus,3.11,3.68,2.54,295
Cebidae,Cebus,Río_Cesar_White_fronted_Capuchin,Cebus_cesarae,Cebus_cesarae,NA,NA,NA,NA
Cebidae,Cebus,Shock_headed_Capuchin,Cebus_cuscinus,Cebus_cuscinus,2.85,2.8,2.9,3
Cebidae,Cebus,Shock_headed_Capuchin,Cebus_cuscinus,Cebus_cuscinus,2.9,NA,NA,504
Cebidae,Cebus,Panamanian_White_faced_Capuchin,Cebus_imitator,Cebus_imitator,3.22,3.8,2.65,510
Cebidae,Cebus,Panamanian_White_faced_Capuchin,Cebus_imitator,Cebus_imitator,3.25,NA,NA,505
Cebidae,Cebus,Ka_apor_Capuchin,Cebus_kaapori,Cebus_kaapori,2.7,3,2.4,499
Cebidae,Cebus,Ka_apor_Capuchin,Cebus_kaapori,Cebus_kaapori,2.15,NA,NA,231
Cebidae,Cebus,Sierra_de_Perijá_White_fronted_Capuchin,Cebus_leucocephalus,Cebus_leucocephalus,NA,NA,NA,NA
Cebidae,Cebus,Santa_Marta_White_fronted_Capuchin,Cebus_malitiosus,Cebus_malitiosus,NA,NA,NA,NA
Cebidae,Cebus,Guianan_Weeper_Capuchin,Cebus_olivaceus,Cebus_olivaceus,2.88,3.24,2.52,278
Cebidae,Cebus,Spix_s_White_fronted_Capuchin,Cebus_unicolor,Cebus_unicolor,2.74,NA,NA,516
Cebidae,Cebus,Varied_White_fronted_Capuchin,Cebus_versicolor,Cebus_versicolor,2.74,NA,NA,505
Cebidae,Cebus,Marañón_White_fronted_Capuchin,Cebus_yuracus,Cebus_yuracus,3.35,NA,NA,504
Tarsiidae,Cephalopachus,Western_Tarsier,Cephalopachus_bancanus,Cephalopachus_bancanus,0.12,0.128,0.117,320
Cercopithecidae,Cercocebus,Agile_Mangabey,Cercocebus_agilis,Cercocebus_agilis,7.58,9.5,5.66,297
Cercopithecidae,Cercocebus,Sooty_Mangabey,Cercocebus_atys,Cercocebus_atys,8.6,11,6.2,299
Cercopithecidae,Cercocebus,Golden_bellied_Mangabey,Cercocebus_chrysogaster,Cercocebus_chrysogaster,9.5,12,7,512
Cercopithecidae,Cercocebus,Golden_bellied_Mangabey,Cercocebus_chrysogaster,Cercocebus_chrysogaster,10,NA,NA,NA
Cercopithecidae,Cercocebus,Tana_River_Mangabey,Cercocebus_galeritus,Cercocebus_galeritus,7.44,9.61,5.26,278
Cercopithecidae,Cercocebus,White_naped_Mangabey,Cercocebus_lunulatus,Cercocebus_lunulatus,7.28,9.45,5.1,517
Cercopithecidae,Cercocebus,Sanje_River_Mangabey,Cercocebus_sanjei,Cercocebus_sanjei,8.05,10.3,5.8,155
Cercopithecidae,Cercocebus,Red_capped_Mangabey,Cercocebus_torquatus,Cercocebus_torquatus,7.5,9.47,5.5,210
Cercopithecidae,Cercopithecus,Syke_s_Monkey,Cercopithecus_albogularis,Cercopithecus_albogularis,5.28,6.9,3.65,518
Cercopithecidae,Cercopithecus,Red_tailed_Monkey,Cercopithecus_ascanius,Cercopithecus_ascanius,3.24,3.69,2.79,297
Cercopithecidae,Cercopithecus,Campbell_s_Monkey,Cercopithecus_campbelli,Cercopithecus_campbelli,3.6,4.5,2.7,210
Cercopithecidae,Cercopithecus,Moustached_Monkey,Cercopithecus_cephus,Cercopithecus_cephus,3.48,4.09,2.88,298
Cercopithecidae,Cercopithecus,Dent_s_Monkey,Cercopithecus_denti,Cercopithecus_denti,3.54,4.25,2.83,297
Cercopithecidae,Cercopithecus,Diana_Monkey,Cercopithecus_diana,Cercopithecus_diana,4.5,5.2,3.9,210
Cercopithecidae,Cercopithecus,Silver_Monkey,Cercopithecus_doggetti,Cercopithecus_doggetti,NA,NA,NA,NA
Cercopithecidae,Cercopithecus,Dryas_Monkey,Cercopithecus_dryas,Cercopithecus_dryas,2.65,3,2.3,544
Cercopithecidae,Cercopithecus,Red_bellied_Monkey,Cercopithecus_erythrogaster,Cercopithecus_erythrogaster,3.5,4,3,546
Cercopithecidae,Cercopithecus,Red_eared_Monkey,Cercopithecus_erythrotis,Cercopithecus_erythrotis,3.4,3.7,3.1,548
Cercopithecidae,Cercopithecus,Owl_faced_Monkey,Cercopithecus_hamlyni,Cercopithecus_hamlyni,4.43,5.49,3.36,297
Cercopithecidae,Cercopithecus,Virungas_Golden_Monkey,Cercopithecus_kandti,Cercopithecus_kandti,6.2,9,3.4,518
Cercopithecidae,Cercopithecus,Lesula,Cercopithecus_lomamiensis,Cercopithecus_lomamiensis,5,5.55,NA,519
Cercopithecidae,Cercopithecus,Lowe_s_Monkey,Cercopithecus_lowei,Cercopithecus_lowei,3.9,5.2,2.6,554
Cercopithecidae,Cercopithecus,Blue_Monkey,Cercopithecus_mitis,Cercopithecus_mitis,4.89,5.85,3.93,297
Cercopithecidae,Cercopithecus,Mona_Monkey,Cercopithecus_mona,Cercopithecus_mona,4.05,5.1,3,559
Cercopithecidae,Cercopithecus,De_Brazza_s_Monkey,Cercopithecus_neglectus,Cercopithecus_neglectus,5.74,7.35,4.13,278
Cercopithecidae,Cercopithecus,Putty_nosed_Monkey,Cercopithecus_nictitans,Cercopithecus_nictitans,5.46,6.67,4.25,278
Cercopithecidae,Cercopithecus,Spot_nosed_Monkey,Cercopithecus_petaurista,Cercopithecus_petaurista,3.65,4.4,2.9,299
Cercopithecidae,Cercopithecus,Crowned_Monkey,Cercopithecus_pogonias,Cercopithecus_pogonias,3.58,4.26,2.9,278
Cercopithecidae,Cercopithecus,Roloway_Monkey,Cercopithecus_roloway,Cercopithecus_roloway,4.55,5.2,3.9,547
Cercopithecidae,Cercopithecus,Sclater_s_Monkey,Cercopithecus_sclateri,Cercopithecus_sclateri,3.25,4,2.5,325
Cercopithecidae,Cercopithecus,Wolf_s_Monkey,Cercopithecus_wolfi,Cercopithecus_wolfi,3.34,3.8,2.88,297
Cheirogaleidae,Cheirogaleus,Montagne_d_Ambre_Dwarf_Lemur,Cheirogaleus_andysabini,Cheirogaleus_andysabini,NA,NA,NA,NA
Cheirogaleidae,Cheirogaleus,Crossley_s_Dwarf_Lemur,Cheirogaleus_crossleyi,Cheirogaleus_crossleyi,0.29,NA,NA,218
Cheirogaleidae,Cheirogaleus,Lavasoa_Dwarf_lemur,Cheirogaleus_lavasoensis,Cheirogaleus_lavasoensis,NA,NA,NA,NA
Cheirogaleidae,Cheirogaleus,Greater_Dwarf_Lemur,Cheirogaleus_major,Cheirogaleus_major,0.51,0.574,0.443,341
Cheirogaleidae,Cheirogaleus,Greater_Dwarf_Lemur,Cheirogaleus_major,Cheirogaleus_major,0.5,NA,NA,264
Cheirogaleidae,Cheirogaleus,Fat_tailed_Dwarf_Lemur,Cheirogaleus_medius,Cheirogaleus_medius,0.14,0.14,0.14,278
Cheirogaleidae,Cheirogaleus,Fat_tailed_Dwarf_Lemur,Cheirogaleus_medius,Cheirogaleus_medius,0.18,0.188,0.172,210
Cheirogaleidae,Cheirogaleus,Fat_tailed_Dwarf_Lemur,Cheirogaleus_medius,Cheirogaleus_medius,0.21,NA,NA,264
Cheirogaleidae,Cheirogaleus,Lesser_Iron_gray_Dwarf_Lemur,Cheirogaleus_minusculus,Cheirogaleus_minusculus,0.3,NA,0.302,232
Cheirogaleidae,Cheirogaleus, Sheth's_Dwarf_Lemur,NA,Cheirogaleus_shethi,NA,NA,NA,NA
Cheirogaleidae,Cheirogaleus,Sibree_s_Dwarf_Lemur,Cheirogaleus_sibreei,Cheirogaleus_sibreei,0.27,NA,NA,264
Cheirogaleidae,Cheirogaleus,Thomas_s_Dwarf_Lemur,Cheirogaleus_thomasi,Cheirogaleus_thomasi,NA,NA,NA,270
Pitheciidae,Cheracebus,Yellow_handed_Titi,Cheracebus_lucifer,Cheracebus_lucifer,1.5,1.5,NA,266
Pitheciidae,Cheracebus,White_chested_Titi,Cheracebus_lugens,Cheracebus_lugens,1.37,1.49,1.26,266
Pitheciidae,Cheracebus,Medem_s_Titi,Cheracebus_medemi,Cheracebus_medemi,1.2,1.1,1.31,230
Pitheciidae,Cheracebus,Medem_s_Titi,Cheracebus_medemi,Cheracebus_medemi,1.16,NA,NA,272
Pitheciidae,Cheracebus,Rio_Purus_Titi,Cheracebus_purinus,Cheracebus_purinus,1.5,NA,NA,266
Pitheciidae,Cheracebus,Rio_Juruá_Collared_Titi,Cheracebus_regulus,Cheracebus_regulus,1.25,NA,NA,264
Pitheciidae,Cheracebus,White_collared_Titi,Cheracebus_torquatus,Cheracebus_torquatus,1.25,1.28,1.21,275
Pitheciidae,Chiropotes,White_nosed_Bearded_Saki,Chiropotes_albinasus,Chiropotes_albinasus,2.82,3.15,2.49,210
Pitheciidae,Chiropotes,Rio_Negro_Beared_Saki,Chiropotes_chiropotes,Chiropotes_chiropotes,2.74,2.9,2.58,210
Pitheciidae,Chiropotes, Brown_backed_Bearded_Saki,NA,Chiropotes_israelita,NA,NA,NA,NA
Pitheciidae,Chiropotes,Guianan_Beared_Saki,Chiropotes_sagulatus,Chiropotes_sagulatus,3,NA,NA,209
Pitheciidae,Chiropotes,Black_Bearded_Saki,Chiropotes_satanas,Chiropotes_satanas,3.03,3.1,2.96,210
Pitheciidae,Chiropotes,Black_Bearded_Saki,Chiropotes_satanas,Chiropotes_satanas,2.74,NA,NA,215
Pitheciidae,Chiropotes,Uta_Hick_s_Bearded_Saki,Chiropotes_utahickae,Chiropotes_utahickae,3,3.25,2.75,591
Cercopithecidae,Chlorocebus,Grivet_Monkey,Chlorocebus_aethiops,Chlorocebus_aethiops,4.65,5.77,3.53,300
Cercopithecidae,Chlorocebus,Malbrouck_Monkey,Chlorocebus_cynosuros,Chlorocebus_cynosuros,3.98,4.75,3.2,594
Cercopithecidae,Chlorocebus,Bale_Monkey,Chlorocebus_djamdjamensis,Chlorocebus_djamdjamensis,3.98,4.75,3.2,597
Cercopithecidae,Chlorocebus,Vervet_Monkey,Chlorocebus_pygerythrus,Chlorocebus_pygerythrus,3.63,4.28,2.98,278
Cercopithecidae,Chlorocebus,Vervet_Monkey,Chlorocebus_pygerythrus,Chlorocebus_pygerythrus,5.7,NA,NA,155
Cercopithecidae,Chlorocebus,Green_Monkey,Chlorocebus_sabaeus,Chlorocebus_sabaeus,4.3,5.3,3.3,301
Cercopithecidae,Chlorocebus,Green_Monkey,Chlorocebus_sabaeus,Chlorocebus_sabaeus,5.45,NA,NA,155
Cercopithecidae,Chlorocebus,Tantalus_Monkey,Chlorocebus_tantalus,Chlorocebus_tantalus,4.65,5.5,3.95,597
Cercopithecidae,Chlorocebus,Tantalus_Monkey,Chlorocebus_tantalus,Chlorocebus_tantalus,6,NA,NA,155
Cercopithecidae,Colobus,Angolan_Colobus,Colobus_angolensis,Colobus_angolensis,8.6,9.8,7.4,309
Cercopithecidae,Colobus,Guereza,Colobus_guereza,Colobus_guereza,8.89,9.89,7.9,210
Cercopithecidae,Colobus,King_Colobus,Colobus_polykomos,Colobus_polykomos,9.1,9.9,8.3,309
Cercopithecidae,Colobus,Black_Colobus,Colobus_satanas,Colobus_satanas,8.91,10.4,7.42,210
Cercopithecidae,Colobus,White_thighed_Colobus,Colobus_vellerosus,Colobus_vellerosus,7.68,8.5,6.9,309
Daubentoniidae,Daubentonia,Aye_aye,Daubentonia_madagascariensis,Daubentonia_madagascariensis,2.56,2.62,2.49,318
Daubentoniidae,Daubentonia,Aye_aye,Daubentonia_madagascariensis,Daubentonia_madagascariensis,2.53,NA,NA,264
Cercopithecidae,Erythrocebus,Patas_Monkey,Erythrocebus_patas,Erythrocebus_patas,9.45,12.4,6.5,210
Cercopithecidae,Erythrocebus,Heuglin's_Patas_Monkey,NA,Erythrocebus_poliophaeus,NA,NA,NA,NA
Lemuridae,Eulemur,White_fronted_Brown_Lemur,Eulemur_albifrons,Eulemur_albifrons,2.18,2.212,2.15,342
Lemuridae,Eulemur,White_fronted_Brown_Lemur,Eulemur_albifrons,Eulemur_albifrons,1.9,NA,NA,264
Lemuridae,Eulemur,White_collared_Brown_Lemur,Eulemur_cinereiceps,Eulemur_cinereiceps,2.16,2.19,2.14,284
Lemuridae,Eulemur,Red_collared_Brown_Lemur,Eulemur_collaris,Eulemur_collaris,2.14,2.07,2.22,53
Lemuridae,Eulemur,Red_collared_Brown_Lemur,Eulemur_collaris,Eulemur_collaris,2.18,NA,NA,268
Lemuridae,Eulemur,Crowned_Lemur,Eulemur_coronatus,Eulemur_coronatus,1.65,1.69,1.62,210
Lemuridae,Eulemur,Crowned_Lemur,Eulemur_coronatus,Eulemur_coronatus,1.29,NA,NA,264
Lemuridae,Eulemur,Blue_eyed_Black_Lemur,Eulemur_flavifrons,Eulemur_flavifrons,1.82,1.88,1.76,210
Lemuridae,Eulemur,Blue_eyed_Black_Lemur,Eulemur_flavifrons,Eulemur_flavifrons,1.84,NA,NA,264
Lemuridae,Eulemur,Brown_Lemur,Eulemur_fulvus,Eulemur_fulvus,2.05,1.95,2.15,316
Lemuridae,Eulemur,Brown_Lemur,Eulemur_fulvus,Eulemur_fulvus,1.63,NA,NA,264
Lemuridae,Eulemur,Black_Lemur,Eulemur_macaco,Eulemur_macaco,2.39,2.35,2.43,278
Lemuridae,Eulemur,Black_Lemur,Eulemur_macaco,Eulemur_macaco,1.82,1.88,1.76,285
Lemuridae,Eulemur,Black_Lemur,Eulemur_macaco,Eulemur_macaco,1.98,NA,NA,264
Lemuridae,Eulemur,Mongoose_Lemur,Eulemur_mongoz,Eulemur_mongoz,1.48,1.41,1.56,285
Lemuridae,Eulemur,Mongoose_Lemur,Eulemur_mongoz,Eulemur_mongoz,1.27,NA,NA,264
Lemuridae,Eulemur,Red_bellied_Lemur,Eulemur_rubriventer,Eulemur_rubriventer,2.015,2.07,1.96,283
Lemuridae,Eulemur,Red_bellied_Lemur,Eulemur_rubriventer,Eulemur_rubriventer,1.98,NA,NA,267
Lemuridae,Eulemur,Red_fronted_Brown_Lemur,Eulemur_rufifrons,Eulemur_rufifrons,2.21,2.18,2.25,283
Lemuridae,Eulemur,Red_fronted_Brown_Lemur,Eulemur_rufifrons,Eulemur_rufifrons,2.15,NA,NA,264
Lemuridae,Eulemur,Rufous_Brown_Lemur,Eulemur_rufus,Eulemur_rufus,2.22,2.18,2.25,283
Lemuridae,Eulemur,Rufous_Brown_Lemur,Eulemur_rufus,Eulemur_rufus,2.22,2.15,2.29,284
Lemuridae,Eulemur,Rufous_Brown_Lemur,Eulemur_rufus,Eulemur_rufus,1.59,NA,NA,264
Lemuridae,Eulemur,Sanford_s_Brown_Lemur,Eulemur_sanfordi,Eulemur_sanfordi,1.85,1.87,1.83,210
Lemuridae,Eulemur,Sanford_s_Brown_Lemur,Eulemur_sanfordi,Eulemur_sanfordi,1.89,NA,NA,264
Galagidae,Euoticus,Southern_Needle_clawed_Galago,Euoticus_elegantulus,Euoticus_elegantulus,0.27,0.287,0.261,210
Galagidae,Euoticus,Northern_Needle_clawed_Galago,Euoticus_pallidus,Euoticus_pallidus,0.253,NA,NA,423
Galagidae,Galago,Somali_Lesser_Galago,Galago_gallarum,Galago_gallarum,0.2,0.235,0.2,580
Galagidae,Galago,Spectacled_Lesser_Galago,Galago_matschiei,Galago_matschiei,0.21,0.207,0.212,210
Galagidae,Galago,Southern_Lesser_Galago,Galago_moholi,Galago_moholi,0.2,0.214,0.194,278
Galagidae,Galago,Northern_Lesser_Galago,Galago_senegalensis,Galago_senegalensis,0.25,0.271,0.225,278
Galagidae,Galagoides,Kenya_Coast_Dwarf_Galago,Galagoides_cocos,Galagoides_cocos,0.14,0.15,0.13,64
Galagidae,Galagoides,Demidoff_s_Dwarf_Galago,Galagoides_demidovii,Galagoides_demidovii,0.06,0.0628,0.0596,288
Galagidae,Galagoides,Mozambique_Dwarf_Galago,Galagoides_granti,Galagoides_granti,NA,0.157,NA,655
Galagidae,Galagoides,Mozambique_Dwarf_Galago,Galagoides_granti,Galagoides_granti,0.134,NA,NA,435
Galagidae,Galagoides,Mountain_Dwarf_Galago,Galagoides_orinus,Galagoides_orinus,0.09,NA,NA,234
Galagidae,Galagoides,Rondo_Dwarf_Galago,Galagoides_rondoensis,Galagoides_rondoensis,0.675,0.69,0.66,234
Galagidae,Galagoides,Angolan_Dwarf_Galago,NA,Galagoides_kumbirensis,NA,NA,NA,NA
Galagidae,Galagoides,Thomas_s_Dwarf_Galago,Galagoides_thomasi,Galagoides_thomasi,0.12,0.103,0.13,210
Galagidae,Galagoides,Tanzania_Coast_Dwarf_Galago,Galagoides_zanzibaricus,Galagoides_zanzibaricus,0.14,0.15,0.137,289
Hominidae,Gorilla,Eastern_Gorilla,Gorilla_beringei,Gorilla_beringei,130,162.5,97.5,918
Hominidae,Gorilla,Western_Gorilla,Gorilla_gorilla,Gorilla_gorilla,122.5,169.3,75.7,210
Lemuridae,Hapalemur,Lac_Alaotra_Bamboo_Lemur,Hapalemur_alaotrensis,Hapalemur_alaotrensis,1.24,NA,NA,264
Lemuridae,Hapalemur,Golden_Bamboo_Lemur,Hapalemur_aureus,Hapalemur_aureus,1.45,1.52,1.39,283
Lemuridae,Hapalemur,Golden_Bamboo_Lemur,Hapalemur_aureus,Hapalemur_aureus,1.58,NA,NA,264
Lemuridae,Hapalemur,Gray_Bamboo_Lemur,Hapalemur_griseus,Hapalemur_griseus,0.71,0.748,0.67,210
Lemuridae,Hapalemur,Gray_Bamboo_Lemur,Hapalemur_griseus,Hapalemur_griseus,0.95,0.987,0.903,290
Lemuridae,Hapalemur,Gray_Bamboo_Lemur,Hapalemur_griseus,Hapalemur_griseus,0.81,NA,NA,264
Lemuridae,Hapalemur,Southern_Bamboo_Lemur,Hapalemur_meridionalis,Hapalemur_meridionalis,1.07,1.068,1.075,343
Lemuridae,Hapalemur,Southern_Bamboo_Lemur,Hapalemur_meridionalis,Hapalemur_meridionalis,0.85,NA,NA,264
Lemuridae,Hapalemur,Northern_Bamboo_Lemur,Hapalemur_occidentalis,Hapalemur_occidentalis,1.013,0.846,1.18,1122
Lemuridae,Hapalemur,Northern_Bamboo_Lemur,Hapalemur_occidentalis,Hapalemur_occidentalis,0.85,NA,NA,264
Hylobatidae,Hoolock,Western_Hoolock_Gibbon,Hoolock_hoolock,Hoolock_hoolock,6.88,6.87,6.88,313
Hylobatidae,Hoolock,Eastern_Hoolock_Gibbon,Hoolock_leuconedys,Hoolock_leuconedys,7.2,NA,NA,809
Hylobatidae,Hoolock,Skywalker_Hoolock_Gibbon,NA,Hoolock_tianxing,NA,NA,NA,NA
Hylobatidae,Hylobates,Abbott_s_Gray_Gibbon,Hylobates_abbotti,Hylobates_abbotti,5.95,6.15,5.75,209
Hylobatidae,Hylobates,Agile_Gibbon,Hylobates_agilis,Hylobates_agilis,6,5.71,6.3,313
Hylobatidae,Hylobates,Bornean_White_bearded_Gibbon,Hylobates_albibarbis,Hylobates_albibarbis,5.95,5.45,6.45,1123
Hylobatidae,Hylobates,East_Bornean_Gray_Gibbon,Hylobates_funereus,Hylobates_funereus,5.5,5.63,5.37,313
Hylobatidae,Hylobates,Kloss_s_Gibbon,Hylobates_klossii,Hylobates_klossii,5.8,5.67,5.92,210
Hylobatidae,Hylobates,Lar_Gibbon,Hylobates_lar,Hylobates_lar,5.64,5.92,5.36,272
Hylobatidae,Hylobates,Moloch_Gibbon,Hylobates_moloch,Hylobates_moloch,6.42,6.58,6.25,313
Hylobatidae,Hylobates,Müller_s_Gibbon,Hylobates_muelleri,Hylobates_muelleri,5.35,5.44,5.27,313
Hylobatidae,Hylobates,Pileated_Gibbon,Hylobates_pileatus,Hylobates_pileatus,5.47,5.5,5.44,313
Indriidae,Indri,Indri,Indri_indri,Indri_indri,6.34,5.83,6.84,317
Indriidae,Indri,Indri,Indri_indri,Indri_indri,6.59,NA,NA,264
Atelidae,Lagothrix,Gray_Woolly_Monkey,Lagothrix_cana,Lagothrix_cana,8.31,8.97,7.65,698
Atelidae,Lagothrix,Peruvian_Yellow_tailed_Woolly_Monkey,Lagothrix_flavicauda,Lagothrix_flavicauda,7.25,8.5,6,226
Atelidae,Lagothrix,Humboldt_s_Woolly_Monkey,Lagothrix_lagothricha,Lagothrix_lagothricha,7.15,7.28,7.02,210
Atelidae,Lagotrix,Colombian_Woolly_Monkey,Lagotrix_lugens,Lagotrix_lugens,6.87,8,5.75,344
Atelidae,Lagothrix,Poeppig_s_Woolly_Monkey,Lagothrix_poeppigii,Lagothrix_poeppigii,7.25,8.5,6,888
Lemuridae,Lemur,Ring_tailed_Lemur,Lemur_catta,Lemur_catta,2.21,2.21,2.21,210
Callitrichidae,Leontocebus,Cruz_Lima’s_Saddle_back_Tamarin,Leontocebus_cruzlimai,Leontocebus_cruzlimai,NA,NA,NA,NA
Callitrichidae,Leontocebus,Spix_s_Saddle_back_Tamarin,Leontocebus_fuscicollis,Leontocebus_fuscicollis,0.33,0.328,0.338,283
Callitrichidae,Leontocebus,Lesson_s_Saddle_back_Tamarin,Leontocebus_fuscus,Leontocebus_fuscus,0.37,NA,NA,209
Callitrichidae,Leontocebus,Illiger_s_Saddle_back_Tamarin,Leontocebus_illigeri,Leontocebus_illigeri,0.29,0.292,0.296,293
Callitrichidae,Leontocebus,Red_mantled_Saddle_back_Tamarin,Leontocebus_lagonotus,Leontocebus_lagonotus,0.37,NA,NA,209
Callitrichidae,Leontocebus,Andean_Saddle_back_Tamarin,Leontocebus_leucogenys,Leontocebus_leucogenys,0.37,NA,NA,209
Callitrichidae,Leontocebus,Black_mantled_tamarin,Leontocebus_nigricollis,Leontocebus_nigricollis,0.48,0.468,0.484,210
Callitrichidae,Leontocebus,Geoffroy_s_Saddle_back_Tamarin,Leontocebus_nigrifrons,Leontocebus_nigrifrons,0.36,0.354,0.369,278
Callitrichidae,Leontocebus,Golden_mantled_Saddle_back_Tamarin,Leontocebus_tripartitus,Leontocebus_tripartitus,0.4,NA,NA,1158
Callitrichidae,Leontocebus,Weddell’s_Saddle_back_Tamarin,Leontocebus_weddelli,Leontocebus_weddelli,0.36,0.359,0.357,345
Callitrichidae,Leontopithecus,Black_faced_Lion_Tamarin,Leontopithecus_caissara,Leontopithecus_caissara,0.58,0.606,0.551,346
Callitrichidae,Leontopithecus,Golden_headed_Lion_Tamarin,Leontopithecus_chrysomelas,Leontopithecus_chrysomelas,0.58,0.62,0.535,323
Callitrichidae,Leontopithecus,Black_Lion_Tamarin,Leontopithecus_chrysopygus,Leontopithecus_chrysopygus,0.615,NA,NA,1124
Callitrichidae,Leontopithecus,Golden_Lion_Tamarin,Leontopithecus_rosalia,Leontopithecus_rosalia,0.64,0.663,0.622,292
Lepilemuridae,Lepilemur,Antafia_Sportive_Lemur,Lepilemur_aeeclis,Lepilemur_aeeclis,0.89,0.868,0.909,347
Lepilemuridae,Lepilemur,Antafia_Sportive_Lemur,Lepilemur_aeeclis,Lepilemur_aeeclis,0.83,NA,NA,269
Lepilemuridae,Lepilemur,Tsiombikibo_Sportive_Lemur,Lepilemur_ahmansonorum,Lepilemur_ahmansonorum,0.61,NA,NA,447
Lepilemuridae,Lepilemur,Tsiombikibo_Sportive_Lemur,Lepilemur_ahmansonorum,Lepilemur_ahmansonorum,0.58,NA,NA,264
Lepilemuridae,Lepilemur,Ankarana_Sportive_Lemur,Lepilemur_ankaranensis,Lepilemur_ankaranensis,0.77,NA,NA,1125
Lepilemuridae,Lepilemur,Ankarana_Sportive_Lemur,Lepilemur_ankaranensis,Lepilemur_ankaranensis,0.75,NA,NA,269
Lepilemuridae,Lepilemur,Betsileo_Sportive_Lemur,Lepilemur_betsileo,Lepilemur_betsileo,1.15,NA,NA,270
Lepilemuridae,Lepilemur,Betsileo_Sportive_Lemur,Lepilemur_betsileo,Lepilemur_betsileo,1.13,NA,NA,264
Lepilemuridae,Lepilemur,Gray_s_Sportive_Lemur,Lepilemur_dorsalis,Lepilemur_dorsalis,0.87,NA,NA,209
Lepilemuridae,Lepilemur,Gray_s_Sportive_Lemur,Lepilemur_dorsalis,Lepilemur_dorsalis,0.72,NA,NA,269
Lepilemuridae,Lepilemur,Milne_Edwards_s_Sportive_Lemur,Lepilemur_edwardsi,Lepilemur_edwardsi,0.93,0.928,0.934,281
Lepilemuridae,Lepilemur,Milne_Edwards_s_Sportive_Lemur,Lepilemur_edwardsi,Lepilemur_edwardsi,1.02,NA,NA,269
Lepilemuridae,Lepilemur,Andohahela_Sportive_Lemur,Lepilemur_fleuretae,Lepilemur_fleuretae,0.89,NA,NA,264
Lepilemuridae,Lepilemur,Anjiamangirana_Sportive_Lemur,Lepilemur_grewcockorum,Lepilemur_grewcockorum,0.78,NA,NA,270
Lepilemuridae,Lepilemur,Anjiamangirana_Sportive_Lemur,Lepilemur_grewcockorum,Lepilemur_grewcockorum,0.86,NA,NA,269
Lepilemuridae,Lepilemur,Mananara_Nord_Sportive_Lemur,Lepilemur_hollandorum,Lepilemur_hollandorum,1,NA,NA,270
Lepilemuridae,Lepilemur,Zombitse_Sportive_Lemur,Lepilemur_hubbardi,Lepilemur_hubbardi,0.99,NA,NA,264
Lepilemuridae,Lepilemur,Manombo_Sportive_Lemur,Lepilemur_jamesorum,Lepilemur_jamesorum,0.78,NA,NA,270
Lepilemuridae,Lepilemur,Manombo_Sportive_Lemur,Lepilemur_jamesorum,Lepilemur_jamesorum,0.87,NA,NA,264
Lepilemuridae,Lepilemur,White_footed_Sportive_Lemur,Lepilemur_leucopus,Lepilemur_leucopus,0.61,0.617,0.594,210
Lepilemuridae,Lepilemur,White_footed_Sportive_Lemur,Lepilemur_leucopus,Lepilemur_leucopus,0.56,NA,NA,264
Lepilemuridae,Lepilemur,Small_toothed_Sportive_Lemur,Lepilemur_microdon,Lepilemur_microdon,0.97,0.97,NA,348
Lepilemuridae,Lepilemur,Small_toothed_Sportive_Lemur,Lepilemur_microdon,Lepilemur_microdon,1.1,NA,NA,264
Lepilemuridae,Lepilemur,Daraina_Sportive_Lemur,Lepilemur_milanoii,Lepilemur_milanoii,0.72,NA,NA,270
Lepilemuridae,Lepilemur,Daraina_Sportive_Lemur,Lepilemur_milanoii,Lepilemur_milanoii,0.71,NA,NA,264
Lepilemuridae,Lepilemur,Mittermeier_s_Sportive_Lemur,Lepilemur_mittermeieri,Lepilemur_mittermeieri,0.73,NA,NA,1125
Lepilemuridae,Lepilemur,Mittermeier_s_Sportive_Lemur,Lepilemur_mittermeieri,Lepilemur_mittermeieri,0.99,NA,NA,270
Lepilemuridae,Lepilemur,Weasel_Sportive_Lemur,Lepilemur_mustelinus,Lepilemur_mustelinus,1,NA,NA,439
Lepilemuridae,Lepilemur,Weasel_Sportive_Lemur,Lepilemur_mustelinus,Lepilemur_mustelinus,0.96,NA,NA,269
Lepilemuridae,Lepilemur,Ambodimahabibo_Sportive_Lemur,Lepilemur_otto,Lepilemur_otto,0.938,NA,NA,269
Lepilemuridae,Lepilemur,Ambodimahabibo_Sportive_Lemur,Lepilemur_otto,Lepilemur_otto,0.94,NA,NA,269
Lepilemuridae,Lepilemur,Petter_s_Sportive_Lemur,Lepilemur_petteri,Lepilemur_petteri,0.62,0.655,0.585,349
Lepilemuridae,Lepilemur,Bemaraha_Sportive_Lemur,Lepilemur_randrianasoloi,Lepilemur_randrianasoloi,0.79,NA,NA,439
Lepilemuridae,Lepilemur,Bemaraha_Sportive_Lemur,Lepilemur_randrianasoloi,Lepilemur_randrianasoloi,0.92,NA,NA,270
Lepilemuridae,Lepilemur,Red_tailed_Sportive_Lemur,Lepilemur_ruficaudatus,Lepilemur_ruficaudatus,0.75,0.753,0.755,278
Lepilemuridae,Lepilemur,Red_tailed_Sportive_Lemur,Lepilemur_ruficaudatus,Lepilemur_ruficaudatus,0.81,0.705,0.682,264
Lepilemuridae,Lepilemur,Sahamalaza_Sportive_Lemur,Lepilemur_sahamalazensis,Lepilemur_sahamalazensis,0.69,0.71,0.678,350
Lepilemuridae,Lepilemur,Sahamalaza_Sportive_Lemur,Lepilemur_sahamalazensis,Lepilemur_sahamalazensis,0.69,NA,NA,269
Lepilemuridae,Lepilemur,Masoala_Sportive_Lemur,Lepilemur_scottorum,Lepilemur_scottorum,0.88,NA,NA,270
Lepilemuridae,Lepilemur,Seal_s_Sportive_Lemur,Lepilemur_seali,Lepilemur_seali,0.95,NA,NA,264
Lepilemuridae,Lepilemur,Sahafary_Sportive_Lemur,Lepilemur_septentrionalis,Lepilemur_septentrionalis,0.675,NA,NA,1125
Lepilemuridae,Lepilemur,Sahafary_Sportive_Lemur,Lepilemur_septentrionalis,Lepilemur_septentrionalis,0.58,NA,NA,264
Lepilemuridae,Lepilemur,Nosy_Be_Sportive_Lemur,Lepilemur_tymerlachsoni,Lepilemur_tymerlachsoni,0.88,NA,NA,270
Lepilemuridae,Lepilemur,Wright_s_Sportive_Lemur,Lepilemur_wrightae,Lepilemur_wrightae,1.82,1.8,1.85,270
Lepilemuridae,Lepilemur,Wright_s_Sportive_Lemur,Lepilemur_wrightae,Lepilemur_wrightae,1.05,NA,NA,264
Cercopithecidae,Lophocebus,Gray_cheeked_Mangabey,Lophocebus_albigena,Lophocebus_albigena,6.95,7.89,6.01,278
Cercopithecidae,Lophocebus,Northern_Black_Crested_Mangabey,Lophocebus_aterrimus,Lophocebus_aterrimus,6.8,7.84,5.76,210
Cercopithecidae,Lophocebus,Johnston_s_Mangabey,Lophocebus_johnstoni,Lophocebus_johnstoni,6.58,7.55,5.6,895
Cercopithecidae,Lophocebus,Southern_Back_Crested_Mangabey,Lophocebus_opdenboschi,Lophocebus_opdenboschi,6.8,8,5.6,895
Cercopithecidae,Lophocebus,Rusty_mantled_Mangabey,Lophocebus_osmani,Lophocebus_osmani,6.58,7.55,5.6,895
Cercopithecidae,Lophocebus,Ugandan_Crested_Mangabey,Lophocebus_ugandae,Lophocebus_ugandae,6.5,8,5,895
Lorisidae,Loris,Gray_Slender_Loris,Loris_lydekkerianus,Loris_lydekkerianus,0.27,0.264,0.269,217
Lorisidae,Loris,Red_Slender_Loris,Loris_tardigradus,Loris_tardigradus,0.19,0.192,0.193,290
Cercopithecidae,Macaca,Stump_tailed_Macaque,Macaca_arctoides,Macaca_arctoides,10.3,12.2,8.4,327
Cercopithecidae,Macaca,Assamese_Macaque,Macaca_assamensis,Macaca_assamensis,9,11.3,6.7,302
Cercopithecidae,Macaca,Taiwanese_Macaque,Macaca_cyclopis,Macaca_cyclopis,5.47,6,4.94,210
Cercopithecidae,Macaca,Long_tailed_Macaque,Macaca_fascicularis,Macaca_fascicularis,4.03,4.85,3.22,278
Cercopithecidae,Macaca,Japanese_Macaque,Macaca_fuscata,Macaca_fuscata,9.5,10.97,8.03,210
Cercopithecidae,Macaca,Heck_s_Macaque,Macaca_hecki,Macaca_hecki,9,11.2,6.8,328
Cercopithecidae,Macaca,Northern_Pig_tailed_Macaque,Macaca_leonina,Macaca_leonina,6.7,8.48,4.93,304
Cercopithecidae,Macaca,White_cheeked_Macaque,Macaca_leucogenys,Macaca_leucogenys,NA,NA,NA,NA
Cercopithecidae,Macaca,Moor_Macaque,Macaca_maura,Macaca_maura,7.88,9.72,6.05,210
Cercopithecidae,Macaca,Rhesus_Macaque,Macaca_mulatta,Macaca_mulatta,5.96,6.99,4.94,303
Cercopithecidae,Macaca,Arunachal_Macaque,Macaca_munzala,Macaca_munzala,15,15,NA,235
Cercopithecidae,Macaca,Sunda_Pig_tailed_Macaque,Macaca_nemestrina,Macaca_nemestrina,8.89,11.2,6.59,278
Cercopithecidae,Macaca,Crested_Macaque,Macaca_nigra,Macaca_nigra,7.68,9.89,5.47,210
Cercopithecidae,Macaca,Gorontalo_Macaque,Macaca_nigrescens,Macaca_nigrescens,5.65,5.8,5.5,236
Cercopithecidae,Macaca,Booted_Macaque,Macaca_ochreata,Macaca_ochreata,3.95,5.3,2.6,210
Cercopithecidae,Macaca,Pagai_Macaque,Macaca_pagensis,Macaca_pagensis,6.38,7.5,5.25,915
Cercopithecidae,Macaca,Bonnet_Macaque,Macaca_radiata,Macaca_radiata,5.14,6.6,3.69,278
Cercopithecidae,Macaca,Siberut_Macaque,Macaca_siberu,Macaca_siberu,6.38,7.5,5.25,915
Cercopithecidae,Macaca,Siberut_Macaque,Macaca_siberu,Macaca_siberu,5.95,NA,NA,237
Cercopithecidae,Macaca,Lion_tailed_Macaque,Macaca_silenus,Macaca_silenus,7.5,8.9,6.1,1128
Cercopithecidae,Macaca,Toque_Macaque,Macaca_sinica,Macaca_sinica,4.48,5.66,3.3,305
Cercopithecidae,Macaca,Barbary_Macaque,Macaca_sylvanus,Macaca_sylvanus,13.5,16,11,329
Cercopithecidae,Macaca,Tibetan_Macaque,Macaca_thibetana,Macaca_thibetana,15.55,18.3,12.8,210
Cercopithecidae,Macaca,Tonkean_Macaque,Macaca_tonkeana,Macaca_tonkeana,11.95,14.9,9,330
Cercopithecidae,Mandrillus,Drill,Mandrillus_leucophaeus,Mandrillus_leucophaeus,15,20.75,9.25,1012
Cercopithecidae,Mandrillus,Drill,Mandrillus_leucophaeus,Mandrillus_leucophaeus,25.75,NA,NA,155
Cercopithecidae,Mandrillus,Mandrill,Mandrillus_sphinx,Mandrillus_sphinx,23.6,34.4,12.8,306
Callitrichidae,Mico,Rio_Acarí_Marmoset,Mico_acariensis,Mico_acariensis,0.42,NA,0.42,238
Callitrichidae,Mico,Silvery_Marmoset,Mico_argentatus,Mico_argentatus,0.35,0.33,0.36,210
Callitrichidae,Mico,Golden_white_Tassel_ear_Marmoset,Mico_chrysoleucos,Mico_chrysoleucos,0.295,0.28,0.31,804
Callitrichidae,Mico,Snethlage_s_Marmoset,Mico_emiliae,Mico_emiliae,0.32,0.313,0.33,228
Callitrichidae,Mico,Santarém_Marmoset,Mico_humeralifer,Mico_humeralifer,0.42,0.418,0.426,278
Callitrichidae,Mico,Black_crowned_Dwarf_Marmoset,NA,Mico_humilis,NA,NA,NA,NA
Callitrichidae,Mico,Rio_Aripuanã_Marmoset,Mico_intermedius,Mico_intermedius,0.3,0.28,0.31,810
Callitrichidae,Mico,Rio_Aripuanã_Marmoset,Mico_intermedius,Mico_intermedius,0.35,NA,NA,239
Callitrichidae,Mico,Golden_white_Bare_ear_Marmoset,Mico_leucippe,Mico_leucippe,0.5,0.5,NA,351
Callitrichidae,Mico,Marca_s_Marmoset,Mico_marcai,Mico_marcai,0.55,0.71,0.396,352
Callitrichidae,Mico,Maués_Marmoset,Mico_mauesi,Mico_mauesi,0.37,0.345,0.398,210
Callitrichidae,Mico,Black_tailed_Marmoset,Mico_melanurus,Mico_melanurus,0.22,0.406,0.038,353
Callitrichidae,Mico,Black_headed_Marmoset,Mico_nigriceps,Mico_nigriceps,0.38,0.37,0.39,322
Callitrichidae,Mico,Rondon_s_Marmoset,Mico_rondoni,Mico_rondoni,0.33,NA,NA,1129
Callitrichidae,Mico,Sateré_Marmoset,Mico_saterei,Mico_saterei,0.44,0.47,0.412,216
Cheirogaleidae,Microcebus,Montagne_d_Ambre_Mouse_Lemur,Microcebus_arnholdi,Microcebus_arnholdi,0.05,NA,NA,266
Cheirogaleidae,Microcebus,Madame_Berthe_s_Mouse_Lemur,Microcebus_berthae,Microcebus_berthae,0.03,0.03,0.04,278
Cheirogaleidae,Microcebus,Bongolava_Mouse_Lemur,Microcebus_bongolavensis,Microcebus_bongolavensis,0.054,0.0543,0.0541,219
Cheirogaleidae,Microcebus,Bongolava_Mouse_Lemur,Microcebus_bongolavensis,Microcebus_bongolavensis,0.05,NA,NA,271
Cheirogaleidae,Microcebus, Nosy_Boraha_Mouse_Lemur,NA,Microcebus_boraha,NA,NA,NA,NA
Cheirogaleidae,Microcebus,Ambarijeby_Mouse_Lemur,Microcebus_danfossi,Microcebus_danfossi,0.06,0.0612,0.0658,219
Cheirogaleidae,Microcebus,Gerp_s_Mouse_Lemur,Microcebus_gerpi,Microcebus_gerpi,0.07,0.0672,0.0693,219
Cheirogaleidae,Microcebus,Ganzhorn's_Mouse_Lemur,NA,Microcebus_ganzhorni,NA,NA,NA,NA
Cheirogaleidae,Microcebus,Gray_brown_Mouse_Lemur,Microcebus_griseorufus,Microcebus_griseorufus,0.05,0.048,0.057,354
Cheirogaleidae,Microcebus,Gray_brown_Mouse_Lemur,Microcebus_griseorufus,Microcebus_griseorufus,0.05,NA,NA,221
Cheirogaleidae,Microcebus,Jolly_s_Mouse_Lemur,Microcebus_jollyae,Microcebus_jollyae,0.06,NA,NA,266
Cheirogaleidae,Microcebus,Goodman_s_Mouse_Lemur,Microcebus_lehilahytsara,Microcebus_lehilahytsara,0.05,0.048,0.045,355
Cheirogaleidae,Microcebus,Goodman_s_Mouse_Lemur,Microcebus_lehilahytsara,Microcebus_lehilahytsara,0.04,NA,NA,264
Cheirogaleidae,Microcebus,Anjiahely_Mouse_Lemur,Microcebus_macarthurii,Microcebus_macarthurii,0.05,NA,NA,272
Cheirogaleidae,Microcebus,Nosy_Be_Mouse_Lemur,Microcebus_mamiratra,Microcebus_mamiratra,0.06,NA,NA,818
Cheirogaleidae,Microcebus,Nosy_Be_Mouse_Lemur,Microcebus_mamiratra,Microcebus_mamiratra,0.06,NA,NA,271
Cheirogaleidae,Microcebus,Bemanasy_Mouse_Lemur,NA,Microcebus_manitatra,NA,NA,NA,NA
Cheirogaleidae,Microcebus,Margot_Marsh_s_Mouse_Lemur,Microcebus_margotmarshae,Microcebus_margotmarshae,0.05,NA,0.049,266
Cheirogaleidae,Microcebus,Margot_Marsh_s_Mouse_Lemur,Microcebus_margotmarshae,Microcebus_margotmarshae,0.04,NA,NA,266
Cheirogaleidae,Microcebus,Marohita_Mouse_Lemur,Microcebus_marohita,Microcebus_marohita,0.06,NA,NA,220
Cheirogaleidae,Microcebus,Mittermeier_s_Mouse_Lemur,Microcebus_mittermeieri,Microcebus_mittermeieri,0.04,NA,NA,266
Cheirogaleidae,Microcebus,Gray_Mouse_Lemur,Microcebus_murinus,Microcebus_murinus,0.06,0.063,0.0672,278
Cheirogaleidae,Microcebus,Peters_s_Mouse_Lemur,Microcebus_myoxinus,Microcebus_myoxinus,0.03,0.0307,0.0307,279
Cheirogaleidae,Microcebus,Peters_s_Mouse_Lemur,Microcebus_myoxinus,Microcebus_myoxinus,0.05,NA,NA,221
Cheirogaleidae,Microcebus,Golden_brown_Mouse_Lemur,Microcebus_ravelobensis,Microcebus_ravelobensis,0.05,0.0517,0.0583,219
Cheirogaleidae,Microcebus,Golden_brown_Mouse_Lemur,Microcebus_ravelobensis,Microcebus_ravelobensis,0.06,NA,NA,221
Cheirogaleidae,Microcebus,Rufous_Mouse_Lemur,Microcebus_rufus,Microcebus_rufus,0.04,0.0458,0.0435,280
Cheirogaleidae,Microcebus,Rufous_Mouse_Lemur,Microcebus_rufus,Microcebus_rufus,0.04,NA,NA,266
Cheirogaleidae,Microcebus,Sambirano_Mouse_Lemur,Microcebus_sambiranensis,Microcebus_sambiranensis,0.04,NA,0.0422,356
Cheirogaleidae,Microcebus,Simmons_s_Mouse_Lemur,Microcebus_simmonsi,Microcebus_simmonsi,0.0765,NA,NA,1125
Cheirogaleidae,Microcebus,Simmons_s_Mouse_Lemur,Microcebus_simmonsi,Microcebus_simmonsi,0.06,NA,NA,266
Cheirogaleidae,Microcebus,Anosi_Mouse_lemur,Microcebus_tanosi,Microcebus_tanosi,0.05,NA,NA,221
Cheirogaleidae,Microcebus,Tavaratra_Mouse_Lemur,Microcebus_tavaratra,Microcebus_tavaratra,0.06,NA,NA,221
Cheirogaleidae,Microcebus,Tavaratra_Mouse_Lemur,Microcebus_tavaratra,Microcebus_tavaratra,0.05,NA,NA,221
Cercopithecidae,Miopithecus,Northern_Talapoin_Monkey,Miopithecus_ogouensis,Miopithecus_ogouensis,1.25,1.4,1.1,1131
Cercopithecidae,Miopithecus,Southern_Talapoin_Monkey,Miopithecus_talapoin,Miopithecus_talapoin,1.25,1.38,1.12,298
Cheirogaleidae,Mirza,Coquerel_s_Giant_Mouse_Lemur,Mirza_coquereli,Mirza_coquereli,0.31,0.317,0.299,817
Cheirogaleidae,Mirza,Coquerel_s_Giant_Mouse_Lemur,Mirza_coquereli,Mirza_coquereli,0.31,0.304,0.326,264
Cheirogaleidae,Mirza,Northern_Giant_Mouse_Lemur,Mirza_zaza,Mirza_zaza,0.29,0.287,0.299,357
Cercopithecidae,Nasalis,Proboscis_Monkey,Nasalis_larvatus,Nasalis_larvatus,15.75,21.02,10.48,278
Hylobatidae,Nomascus,Northern_Yellow_cheeked_Crested_Gibbon,Nomascus_annamensis,Nomascus_annamensis,7,7,NA,1082
Hylobatidae,Nomascus,Western_Black_Crested_Gibbon,Nomascus_concolor,Nomascus_concolor,7.69,7.77,7.62,313
Hylobatidae,Nomascus,Southern_Yellow_cheeked_Crested_Gibbon,Nomascus_gabriellae,Nomascus_gabriellae,5.2,NA,5.2,1082
Hylobatidae,Nomascus,Hainan_Crested_Gibbon,Nomascus_hainanus,Nomascus_hainanus,6.59,6.61,6.563,240
Hylobatidae,Nomascus,Northern_White_cheeked_Crested_Gibbon,Nomascus_leucogenys,Nomascus_leucogenys,6.5,6.4,6.6,834
Hylobatidae,Nomascus,Eastern_Black_Crested_Gibbon,Nomascus_nasutus,Nomascus_nasutus,NA,NA,NA,NA
Hylobatidae,Nomascus,Southern_White_cheeked_Crested_Gibbon,Nomascus_siki,Nomascus_siki,7.25,6.6,7.9,1082
Hylobatidae,Nomascus,Southern_White_cheeked_Crested_Gibbon,Nomascus_siki,Nomascus_siki,7.87,NA,NA,166
Lorisidae,Nycticebus,Bangka_Slow_Loris,Nycticebus_bancanus,Nycticebus_bancanus,NA,NA,NA,NA
Lorisidae,Nycticebus,Bengal_Slow_Loris,Nycticebus_bengalensis,Nycticebus_bengalensis,1.26,1.13,1.4,358
Lorisidae,Nycticebus,Bornean_Slow_Loris,Nycticebus_borneanus,Nycticebus_borneanus,0.47,NA,NA,222
Lorisidae,Nycticebus,Sunda_Slow_Loris,Nycticebus_coucang,Nycticebus_coucang,0.65,0.679,0.626,210
Lorisidae,Nycticebus,Javan_Slow_Loris,Nycticebus_javanicus,Nycticebus_javanicus,0.66,0.686,0.626,359
Lorisidae,Nycticebus,Javan_Slow_Loris,Nycticebus_javanicus,Nycticebus_javanicus,0.8,NA,NA,217
Lorisidae,Nycticebus,Kayan_River_Slow_Loris,Nycticebus_kayan,Nycticebus_kayan,0.6,NA,NA,222
Lorisidae,Nycticebus,Philippine_Slow_Loris,Nycticebus_menagensis,Nycticebus_menagensis,0.285,0.285,NA,848
Lorisidae,Nycticebus,Pygmy_Slow_Loris,Nycticebus_pygmaeus,Nycticebus_pygmaeus,0.42,0.462,0.376,290
Galagidae,Otolemur,Thick_tailed_Greater_Galago,Otolemur_crassicaudatus,Otolemur_crassicaudatus,1.15,1.19,1.11,210
Galagidae,Otolemur,Garnett_s_Greater_Galago,Otolemur_garnettii,Otolemur_garnettii,0.76,0.794,0.734,210
Hominidae,Pan,Bonobo,Pan_paniscus,Pan_paniscus,39.1,45,33.2,314
Hominidae,Pan,Chimpanzee,Pan_troglodytes,Pan_troglodytes,53.7,60,47.4,314
Cercopithecidae,Papio,Olive_Baboon,Papio_anubis,Papio_anubis,16.65,21.1,12.2,207
Cercopithecidae,Papio,Yellow_Baboon,Papio_cynocephalus,Papio_cynocephalus,17.05,21.8,12.3,210
Cercopithecidae,Papio,Hamadryas_Baboon,Papio_hamadryas,Papio_hamadryas,13.4,16.9,9.9,308
Cercopithecidae,Papio,Kinda_Baboon,Papio_kindae,Papio_kindae,13,16,9.9,1132
Cercopithecidae,Papio,Guinea_Baboon,Papio_papio,Papio_papio,17.5,23,12,1133
Cercopithecidae,Papio,Chacma_Baboon,Papio_ursinus,Papio_ursinus,22.3,29.8,14.8,210
Galagidae,Paragalago,Kenya_Coast_Dwarf_Galago,NA,Paragalago_cocos,NA,NA,NA,NA
Galagidae,Paragalago,Mozambique_Dwarf_Galago,NA,Paragalago _granti,NA,NA,NA,NA
Galagidae,Paragalago,Mountain_Dwarf_Galago,NA,Paragalago_orinus,NA,NA,NA,NA
Galagidae,Paragalago,Rondo_Dwarf_Galago,NA,Paragalago_rondoensis,NA,NA,NA,NA
Galagidae,Paragalago,Tanzania_Coast_Dwarf_Galago,NA,Paragalago_zanzibaricus,NA,NA,NA,NA
Lorisidae,Perodicticus,Milne_Edwards_s_Potto,Perodicticus_edwardsi,Perodicticus_edwardsi,1.19,1.22,1.16,210
Lorisidae,Perodicticus,East_African_Potto,Perodicticus_ibeanus,Perodicticus_ibeanus,0.861,NA,0.861,360
Lorisidae,Perodicticus,West_African_Potto,Perodicticus_potto,Perodicticus_potto,0.83,0.83,0.836,210
Cheirogaleidae,Phaner,Montagne_D__Ambre_Fork_marked_Lemur,Phaner_electromontis,Phaner_electromontis,0.39,NA,NA,1125
Cheirogaleidae,Phaner,Montagne_D__Ambre_Fork_marked_Lemur,Phaner_electromontis,Phaner_electromontis,0.387,NA,NA,264
Cheirogaleidae,Phaner,Masoala_Fork_marked_Lemur,Phaner_furcifer,Phaner_furcifer,0.34,0.328,0.351,278
Cheirogaleidae,Phaner,Masoala_Fork_marked_Lemur,Phaner_furcifer,Phaner_furcifer,0.4,NA,NA,273
Cheirogaleidae,Phaner,Pale_Fork_marked_Lemur,Phaner_pallescens,Phaner_pallescens,0.34,0.327,0.35,361
Cheirogaleidae,Phaner,Sambirano_Fork_marked_Lemur,Phaner_parienti,Phaner_parienti,0.36,NA,NA,264
Cercopithecidae,Piliocolobus,Upper_Guinea_Red_Colobus,Piliocolobus_badius,Piliocolobus_badius,8.25,8.3,8.2,299
Cercopithecidae,Piliocolobus,Bouvier_s_Red_Colobus,Piliocolobus_bouvieri,Piliocolobus_bouvieri,NA,NA,NA,NA
Cercopithecidae,Piliocolobus,Niger_Delta_Red_Colobus,Piliocolobus_epieni,Piliocolobus_epieni,NA,NA,NA,NA
Cercopithecidae,Piliocolobus,Foa_s_Red_Colobus,Piliocolobus_foai,Piliocolobus_foai,9.5,11,8,890
Cercopithecidae,Piliocolobus,Udzungwa_Red_Colobus,Piliocolobus_gordonorum,Piliocolobus_gordonorum,7.05,NA,NA,106
Cercopithecidae,Piliocolobus,Zanzibar_Red_Colobus,Piliocolobus_kirkii,Piliocolobus_kirkii,6.9,7,6.8,250
Cercopithecidae,Piliocolobus,Lang_s_Red_Colobus,Piliocolobus_langi,Piliocolobus_langi,6.59,7.65,5.53,297
Cercopithecidae,Piliocolobus,NA,NA,Piliocolobus_lulindicus,NA,NA,NA,NA
Cercopithecidae,Piliocolobus,Oustalet_s_Red_Colobus,Piliocolobus_oustaleti,Piliocolobus_oustaleti,10.35,12.5,8.2,896
Cercopithecidae,Piliocolobus,Lomami_Red_Colobus,Piliocolobus_parmentieri,Piliocolobus_parmentieri,8.3,9.1,7.5,897
Cercopithecidae,Piliocolobus,Pennant_s_Red_Colobus,Piliocolobus_pennantii,Piliocolobus_pennantii,7.4,9,5.8,897
Cercopithecidae,Piliocolobus,Preuss_s_Red_Colobus,Piliocolobus_preussi,Piliocolobus_preussi,8.3,8.3,NA,362
Cercopithecidae,Piliocolobus,Tana_River_Red_Colobus,Piliocolobus_rufomitratus,Piliocolobus_rufomitratus,9,NA,NA,1135
Cercopithecidae,Piliocolobus,Semliki_Red_Colobus,Piliocolobus_semlikiensis,Piliocolobus_semlikiensis,NA,NA,NA,NA
Cercopithecidae,Piliocolobus,Temminick_s_Red_Colobus,Piliocolobus_temminckii,Piliocolobus_temminckii,5.85,6.5,5.2,261
Cercopithecidae,Piliocolobus,Temminick_s_Red_Colobus,Piliocolobus_temminckii,Piliocolobus_temminckii,6.5,NA,NA,223
Cercopithecidae,Piliocolobus,Ashy_Red_Colobus,Piliocolobus_tephrosceles,Piliocolobus_tephrosceles,8.75,10.5,7,1136
Cercopithecidae,Piliocolobus,Tshuapa_Red_Colobus,Piliocolobus_tholloni,Piliocolobus_tholloni,NA,NA,NA,NA
Cercopithecidae,Piliocolobus,Miss_Waldron_s_Red_Colobus,Piliocolobus_waldronae,Piliocolobus_waldronae,5.9,NA,NA,910
Pitheciidae,Pithecia,Equatorial_Saki,Pithecia_aequatorialis,Pithecia_aequatorialis,2.25,NA,NA,209
Pitheciidae,Pithecia,Buffy_Saki,Pithecia_albicans,Pithecia_albicans,3,3,NA,364
Pitheciidae,Pithecia,Cazuza_s_Saki,Pithecia_cazuzai,Pithecia_cazuzai,NA,NA,NA,NA
Pitheciidae,Pithecia,Golden_faced_Saki,Pithecia_chrysocephala,Pithecia_chrysocephala,1.9,1.9,1.9,365
Pitheciidae,Pithecia,Hairy_Saki,Pithecia_hirsuta,Pithecia_hirsuta,NA,NA,NA,NA
Pitheciidae,Pithecia,Burnished_Saki,Pithecia_inusta,Pithecia_inusta,NA,NA,NA,NA
Pitheciidae,Pithecia,Gray_s_Bald_faced_Saki,Pithecia_irrorata,Pithecia_irrorata,2.16,2.25,2.07,210
Pitheciidae,Pithecia,Isabel_s_Saki,Pithecia_isabela,Pithecia_isabela,NA,NA,NA,NA
Pitheciidae,Pithecia,Miller_s_Saki,Pithecia_milleri,Pithecia_milleri,NA,NA,NA,NA
Pitheciidae,Pithecia,Mittermeier_s_Tapajós_Saki,Pithecia_mittermeieri,Pithecia_mittermeieri,NA,NA,NA,NA
Pitheciidae,Pithecia,Monk_Saki,Pithecia_monachus,Pithecia_monachus,2.36,2.61,2.11,210
Pitheciidae,Pithecia,Napo_Saki,Pithecia_napensis,Pithecia_napensis,NA,NA,NA,NA
Pitheciidae,Pithecia,Pissinatti_s_Bald_faced_Saki,Pithecia_pissinattii,Pithecia_pissinattii,NA,NA,NA,NA
Pitheciidae,Pithecia,White_faced_saki,Pithecia_pithecia,Pithecia_pithecia,1.76,1.94,1.58,210
Pitheciidae,Pithecia,Rylands__Bald_faced_Saki,Pithecia_rylandsi,Pithecia_rylandsi,NA,NA,NA,NA
Pitheciidae,Pithecia,Vanzolini’s_Bald_faced_Saki,Pithecia_vanzolinii,Pithecia_vanzolinii,NA,NA,NA,NA
Pitheciidae,Plecturocebus,Madidi_Titi,Plecturocebus_aureipalatii,Plecturocebus_aureipalatii,0.95,1,0.9,1114
Pitheciidae,Plecturocebus,Lake_Baptista_Titi,Plecturocebus_baptista,Plecturocebus_baptista,1.16,NA,NA,1137
Pitheciidae,Plecturocebus,Prince_Bernhard_s_Titi,Plecturocebus_bernhardi,Plecturocebus_bernhardi,0.95,0.95,NA,241
Pitheciidae,Plecturocebus,Brown_Titi,Plecturocebus_brunneus,Plecturocebus_brunneus,0.83,0.854,0.805,228
Pitheciidae,Plecturocebus,Chestnut_bellied_Titi,Plecturocebus_caligatus,Plecturocebus_caligatus,1,NA,NA,241
Pitheciidae,Plecturocebus,Caquetá_Titi,Plecturocebus_caquetensis,Plecturocebus_caquetensis,NA,NA,NA,NA
Pitheciidae,Plecturocebus,Ashy_Titi,Plecturocebus_cinerascens,Plecturocebus_cinerascens,0.74,NA,NA,241
Pitheciidae,Plecturocebus,Coppery_Titi,Plecturocebus_cupreus,Plecturocebus_cupreus,1.07,1.02,1.12,230
Pitheciidae,Plecturocebus,Red_crowned_Titi,Plecturocebus_discolor,Plecturocebus_discolor,1.01,0.93,1.08,230
Pitheciidae,Plecturocebus,White_eared_Titi,Plecturocebus_donacophilus,Plecturocebus_donacophilus,0.95,0.991,0.909,210
Pitheciidae,Plecturocebus,Hoffmann_s_Titi,Plecturocebus_hoffmannsi,Plecturocebus_hoffmannsi,1.06,1.09,1.03,210
Pitheciidae,Plecturocebus,Milton´s_titi_monkey,Plecturocebus_miltoni,Plecturocebus_miltoni,1.34,NA,NA,1138
Pitheciidae,Plecturocebus,Rio_Beni_Titi,Plecturocebus_modestus,Plecturocebus_modestus,0.8,NA,NA,1139
Pitheciidae,Plecturocebus,Red_bellied_Titi,Plecturocebus_moloch,Plecturocebus_moloch,0.99,1.02,0.956,210
Pitheciidae,Plecturocebus,San_Martín_Titi,Plecturocebus_oenanthe,Plecturocebus_oenanthe,0.8,NA,NA,1139
Pitheciidae,Plecturocebus,Olalla_s_Titi,Plecturocebus_olallae,Plecturocebus_olallae,0.8,NA,NA,1139
Pitheciidae,Plecturocebus,Ornate_Titi,Plecturocebus_ornatus,Plecturocebus_ornatus,1.17,1.18,1.16,230
Pitheciidae,Plecturocebus,Pale_Titi,Plecturocebus_pallescens,Plecturocebus_pallescens,0.8,0.8,NA,230
Pitheciidae,Plecturocebus,Stephen_Nash_s_Titi,Plecturocebus_stephennashi,Plecturocebus_stephennashi,0.67,NA,NA,241
Pitheciidae,Plecturocebus,Toppin’s_Titi,Plecturocebus_toppini,Plecturocebus_toppini,NA,NA,NA,NA
Pitheciidae,Plecturocebus,Urubamba_Brown_Titi,Plecturocebus_urubambensis,Plecturocebus_urubambensis,NA,NA,NA,NA
Pitheciidae,Plecturocebus,Vieira_s_Titi,Plecturocebus_vieirai,Plecturocebus_vieirai,0.96,0.96,NA,1140
Hominidae,Pongo,Sumatran_Orangutan,Pongo_abelii,Pongo_abelii,56.75,77.9,35.6,210
Hominidae,Pongo,Bornean_Orangutan,Pongo_pygmaeus,Pongo_pygmaeus,57.15,78.5,35.8,210
Hominidae,Pongo,Tapanuli_Orangutan,NA,Pongo_tapanuliensis,NA,NA,NA,NA
Cercopithecidae,Presbytis,Black_and_white_Langur,Presbytis_bicolor,Presbytis_bicolor,6.43,6.05,6.8,1087
Cercopithecidae,Presbytis,Miller_s_Langur,Presbytis_canicrus,Presbytis_canicrus,6.125,6.5,5.75,940
Cercopithecidae,Presbytis,Cross_marked_Langur,Presbytis_chrysomelas,Presbytis_chrysomelas,7.05,NA,NA,943
Cercopithecidae,Presbytis,Javan_Langur,Presbytis_comata,Presbytis_comata,6.7,6.68,6.71,210
Cercopithecidae,Presbytis,Banded_Langur,Presbytis_femoralis,Presbytis_femoralis,6.22,6.26,6.19,210
Cercopithecidae,Presbytis,White_fronted_Langur,Presbytis_frontata,Presbytis_frontata,5.61,5.56,5.67,331
Cercopithecidae,Presbytis,Hose_s_Langur,Presbytis_hosei,Presbytis_hosei,5.9,6.18,5.63,331
Cercopithecidae,Presbytis,Black_crested_Sumatran_Langur,Presbytis_melalophos,Presbytis_melalophos,6.53,6.59,6.47,210
Cercopithecidae,Presbytis,Mitered_Langur,Presbytis_mitrata,Presbytis_mitrata,5.8,5.9,5.8,1087
Cercopithecidae,Presbytis,Natuna_Islands_Langur,Presbytis_natunae,Presbytis_natunae,7.05,NA,NA,1087
Cercopithecidae,Presbytis,Mentawai_Langur,Presbytis_potenziani,Presbytis_potenziani,6.27,6.14,6.41,310
Cercopithecidae,Presbytis,Maroon_Langur,Presbytis_rubicunda,Presbytis_rubicunda,6.13,6.22,6.04,210
Cercopithecidae,Presbytis,Sabah_Grizzled_Langur,Presbytis_sabana,Presbytis_sabana,5.9,6.2,5.6,30
Cercopithecidae,Presbytis,Pale_thighed_Langur,Presbytis_siamensis,Presbytis_siamensis,7.65,8.2,7.1,366
Cercopithecidae,Presbytis,Siberut_Langur,Presbytis_siberu,Presbytis_siberu,6.45,6.5,6.4,1141
Cercopithecidae,Presbytis,Black_Sumatran_Langur,Presbytis_sumatrana,Presbytis_sumatrana,6.42,6.05,6.8,1087
Cercopithecidae,Presbytis,Thomas_s_Langur,Presbytis_thomasi,Presbytis_thomasi,6.73,6.77,6.69,331
Cercopithecidae,Procolobus,Olive_Colobus,Procolobus_verus,Procolobus_verus,4.45,4.7,4.2,299
Lemuridae,Prolemur,Greater_Bamboo_Lemur,Prolemur_simus,Prolemur_simus,2.24,2.238,2.25,367
Lemuridae,Prolemur,Greater_Bamboo_Lemur,Prolemur_simus,Prolemur_simus,1.72,1.3,2.15,283
Indriidae,Propithecus,Silky_Sifaka,Propithecus_candidus,Propithecus_candidus,6.1,NA,NA,1142
Indriidae,Propithecus,Silky_Sifaka,Propithecus_candidus,Propithecus_candidus,5.27,NA,NA,274
Indriidae,Propithecus,Coquerel_s_Sifaka,Propithecus_coquereli,Propithecus_coquereli,3.73,3.703,3.756,290
Indriidae,Propithecus,Coquerel_s_Sifaka,Propithecus_coquereli,Propithecus_coquereli,3.84,NA,NA,264
Indriidae,Propithecus,Crowned_Sifaka,Propithecus_coronatus,Propithecus_coronatus,3.9,NA,NA,275
Indriidae,Propithecus,Decken_s_Sifaka,Propithecus_deckenii,Propithecus_deckenii,2.78,2.93,2.63,276
Indriidae,Propithecus,Decken_s_Sifaka,Propithecus_deckenii,Propithecus_deckenii,2.78,NA,NA,276
Indriidae,Propithecus,Diademed_Sifaka,Propithecus_diadema,Propithecus_diadema,6.13,6.05,6.21,278
Indriidae,Propithecus,Diademed_Sifaka,Propithecus_diadema,Propithecus_diadema,6.08,NA,NA,264
Indriidae,Propithecus,Milne_Edwards_s_Sifaka,Propithecus_edwardsi,Propithecus_edwardsi,5.74,5.59,5.895,283
Indriidae,Propithecus,Perrier_s_Sifaka,Propithecus_perrieri,Propithecus_perrieri,4.33,4.22,4.44,274
Indriidae,Propithecus,Perrier_s_Sifaka,Propithecus_perrieri,Propithecus_perrieri,4.49,NA,NA,274
Indriidae,Propithecus,Tattersall_s_Sifaka,Propithecus_tattersalli,Propithecus_tattersalli,3.49,3.39,3.59,286
Indriidae,Propithecus,Tattersall_s_Sifaka,Propithecus_tattersalli,Propithecus_tattersalli,3.51,NA,NA,264
Indriidae,Propithecus,Verreaux_s_Sifaka,Propithecus_verreauxi,Propithecus_verreauxi,2.95,2.93,2.98,278
Indriidae,Propithecus,Verreaux_s_Sifaka,Propithecus_verreauxi,Propithecus_verreauxi,2.8,2.84,2.76,287
Indriidae,Propithecus,Verreaux_s_Sifaka,Propithecus_verreauxi,Propithecus_verreauxi,2.98,NA,NA,264
Cercopithecidae,Pygathrix,Grey_shanked_Douc,Pygathrix_cinerea,Pygathrix_cinerea,9.98,11.5,8.45,1075
Cercopithecidae,Pygathrix,Red_shanked_Douc,Pygathrix_nemaeus,Pygathrix_nemaeus,9.72,11,8.44,331
Cercopithecidae,Pygathrix,Black_shanked_Douc,Pygathrix_nigripes,Pygathrix_nigripes,9.88,11.05,8.7,331
Cercopithecidae,Rhinopithecus,Tonkin_Snub_nosed_Monkey,Rhinopithecus_avunculus,Rhinopithecus_avunculus,11.25,14,8.5,1144
Cercopithecidae,Rhinopithecus,Yunnan_Snub_nosed_Monkey,Rhinopithecus_bieti,Rhinopithecus_bieti,12.48,15,9.96,224
Cercopithecidae,Rhinopithecus,Guizhou_Snub_nosed_Monkey,Rhinopithecus_brelichi,Rhinopithecus_brelichi,11.25,14.5,8,1126
Cercopithecidae,Rhinopithecus,Golden_Snub_nosed_Monkey,Rhinopithecus_roxellana,Rhinopithecus_roxellana,14.75,17.9,11.6,224
Cercopithecidae,Rhinopithecus,Stryker_s_Snub_nosed_Monkey,Rhinopithecus_strykeri,Rhinopithecus_strykeri,11.25,14,8.5,1126
Cercopithecidae,Rungwecebus,Kipunji,Rungwecebus_kipunji,Rungwecebus_kipunji,10,10,NA,368
Callitrichidae,Saguinus,Pied_Tamarin,Saguinus_bicolor,Saguinus_bicolor,0.43,0.428,0.43,212
Callitrichidae,Saguinus,Geoffroy_s_Tamarin,Saguinus_geoffroyi,Saguinus_geoffroyi,0.49,0.482,0.503,294
Callitrichidae,Saguinus,Emperor_Tamarin,Saguinus_imperator,Saguinus_imperator,0.47,0.474,0.475,322
Callitrichidae,Saguinus,Mottled_face_Tamarin,Saguinus_inustus,Saguinus_inustus,0.69,0.585,0.803,322
Callitrichidae,Saguinus,Red_bellied_Tamarin,Saguinus_labiatus,Saguinus_labiatus,0.51,0.49,0.529,210
Callitrichidae,Saguinus,White_footed_Tamarin,Saguinus_leucopus,Saguinus_leucopus,0.49,0.494,0.49,295
Callitrichidae,Saguinus,Martin_s_Bare_faced_Tamarin,Saguinus_martinsi,Saguinus_martinsi,0.5,NA,NA,1145
Callitrichidae,Saguinus,Midas_Tamarin,Saguinus_midas,Saguinus_midas,0.56,0.535,0.591,278
Callitrichidae,Saguinus,Mustached_Tamarin,Saguinus_mystax,Saguinus_mystax,0.53,0.522,0.545,278
Callitrichidae,Saguinus,Western_Black_handed_Tamarin,Saguinus_niger,Saguinus_niger,0.43,0.431,0.428,1005
Callitrichidae,Saguinus,Western_Black_handed_Tamarin,Saguinus_niger,Saguinus_niger,0.41,NA,NA,242
Callitrichidae,Saguinus,Cotton_top_Tamarin,Saguinus_oedipus,Saguinus_oedipus,0.41,0.418,0.404,210
Callitrichidae,Saguinus,Eastern_Black_handed_Tamarin,Saguinus_ursulus,Saguinus_ursulus,NA,NA,NA,NA
Cebidae,Saimiri,Black_capped_Squirrel_Monkey,Saimiri_boliviensis,Saimiri_boliviensis,0.88,1.02,0.75,278
Cebidae,Saimiri,Humboldt_s_Squirrel_Monkey,Saimiri_cassiquiarensis,Saimiri_cassiquiarensis,0.88,0.887,0.875,1021
Cebidae,Saimiri,Collins'_Squirrel_Monkey,NA,Saimiri_collinsi,NA,NA,NA,NA
Cebidae,Saimiri,Ecuadorian_Squirrel_Monkey,Saimiri_macrodon,Saimiri_macrodon,0.99,1.107,0.87,1021
Cebidae,Saimiri,Central_American_Squirrel_Monkey,Saimiri_oerstedii,Saimiri_oerstedii,0.79,0.897,0.68,278
Cebidae,Saimiri,Guianan_Squirrel_Monkey,Saimiri_sciureus,Saimiri_sciureus,0.82,0.92,0.723,278
Cebidae,Saimiri,Golden_backed_Squirrel_Monkey,Saimiri_ustus,Saimiri_ustus,0.86,0.921,0.799,228
Cebidae,Saimiri,Black_headed_Squirrel_Monkey,Saimiri_vanzolinii,Saimiri_vanzolinii,0.8,0.95,0.65,212
Cebidae,Sapajus,Guianan_Brown_Capuchin,Sapajus_apella,Sapajus_apella,3.01,3.64,2.39,278
Cebidae,Sapajus,Hooded_Capuchin,Sapajus_cay,Sapajus_cay,3.25,NA,NA,1146
Cebidae,Sapajus,Blond_Capuchin,Sapajus_flavius,Sapajus_flavius,2.55,2.95,2.15,1147
Cebidae,Sapajus,Blond_Capuchin,Sapajus_flavius,Sapajus_flavius,2.15,NA,NA,243
Cebidae,Sapajus,Bearded_Capuchin,Sapajus_libidinosus,Sapajus_libidinosus,2.54,3.1,1.975,369
Cebidae,Sapajus,Large_headed_Capuchin,Sapajus_macrocephalus,Sapajus_macrocephalus,3.05,3.75,2.35,1036
Cebidae,Sapajus,Black_horned_Capuchin,Sapajus_nigritus,Sapajus_nigritus,3.7,NA,NA,1147
Cebidae,Sapajus,Crested_Capuchin,Sapajus_robustus,Sapajus_robustus,3.05,NA,NA,1146
Cebidae,Sapajus,Yellow_breasted_Capuchin,Sapajus_xanthosternos,Sapajus_xanthosternos,2.875,3.4,2.35,1042
Galagidae,Sciurocheirus,Bioko_Squirrel_Galago,Sciurocheirus_alleni,Sciurocheirus_alleni,0.27,0.2777,0.269,319
Galagidae,Sciurocheirus,Cross_River_Squirrel_Galago,Sciurocheirus_cameronensis,Sciurocheirus_cameronensis,0.27,0.266,0.28,370
Galagidae,Sciurocheirus,Gabon_Squirrel_Galago,Sciurocheirus_gabonensis,Sciurocheirus_gabonensis,0.26,NA,NA,209
Galagidae,Sciurocheirus,Makandé_squirrel_galago,Sciurocheirus_makandensis,Sciurocheirus_makandensis,NA,NA,NA,NA
Cercopithecidae,Semnopithecus,Chamba_Sacred_Langur,Semnopithecus_ajax,Semnopithecus_ajax,20.15,20.15,NA,1127
Cercopithecidae,Semnopithecus,Bengal_Sacred_Langur,Semnopithecus_entellus,Semnopithecus_entellus,11.44,13,9.89,210
Cercopithecidae,Semnopithecus,Terai_Sacred_Langur,Semnopithecus_hector,Semnopithecus_hector,15.3,17.6,13,1149
Cercopithecidae,Semnopithecus,Malabar_Sacred_Langur,Semnopithecus_hypoleucos,Semnopithecus_hypoleucos,13.1,14.75,11.45,1127
Cercopithecidae,Semnopithecus,Nilgiri_Langur,Semnopithecus_johnii,Semnopithecus_johnii,11.6,12,11.2,331
Cercopithecidae,Semnopithecus,Tufted_Gray_Langur,Semnopithecus_priam,Semnopithecus_priam,NA,12.45,NA,1048
Cercopithecidae,Semnopithecus,Nepal_Sacred_Langur,Semnopithecus_schistaceus,Semnopithecus_schistaceus,17,19.2,14.8,210
Cercopithecidae,Semnopithecus,Purple_faced_Langur,Semnopithecus_vetulus,Semnopithecus_vetulus,7.03,8.17,5.9,312
Cercopithecidae,Simias,Pig_tailed_Langur,Simias_concolor,Simias_concolor,7.97,9.15,6.8,331
Hylobatidae,Symphalangus,Siamang,Symphalangus_syndactylus,Symphalangus_syndactylus,11.3,11.9,10.7,332
Tarsiidae,Tarsius,Dian_s_Tarsier,Tarsius_dentatus,Tarsius_dentatus,0.112,0.118,0.105,1058
Tarsiidae,Tarsius,Makassar_Tarsier,Tarsius_fuscus,Tarsius_fuscus,0.12,0.129,0.118,1130
Tarsiidae,Tarsius,Lariang_Tarsier,Tarsius_lariang,Tarsius_lariang,0.11,0.118,0.102,1059
Tarsiidae,Tarsius,Peleng_Tarsier,Tarsius_pelengensis,Tarsius_pelengensis,0.16,NA,NA,225
Tarsiidae,Tarsius,Sulawesi_Mountain_Tarsier,Tarsius_pumilus,Tarsius_pumilus,0.051,0.049,0.052,1060
Tarsiidae,Tarsius,Great_Sangihe_Tarsier,Tarsius_sangirensis,Tarsius_sangirensis,0.143,0.135,0.15,1150
Tarsiidae,Tarsius,Gursky's_Spectral_Tarsier ,NA,Tarsius_spectrumgurskyae,NA,NA,NA,NA
Tarsiidae,Tarsius,Jatna's_Tarsier,NA,Tarsius_supriatnai,NA,NA,NA,NA
Tarsiidae,Tarsius,Selayar_Tarsier,Tarsius_tarsier,Tarsius_tarsier,0.122,0.126,0.119,1061
Tarsiidae,Tarsius,Siau_Island_Tarsier,Tarsius_tumpara,Tarsius_tumpara,0.1,NA,NA,176
Tarsiidae,Tarsius,Wallace_s_Tarsier,Tarsius_wallacei,Tarsius_wallacei,0.107,0.115,0.1,1151
Cercopithecidae,Theropithecus,Gelada,Theropithecus_gelada,Theropithecus_gelada,15.35,19,11.7,210
Cercopithecidae,Trachypithecus,East_Javan_Langur,Trachypithecus_auratus,Trachypithecus_auratus,NA,7.1,NA,1152
Cercopithecidae,Trachypithecus,Tenasserim_Langur,Trachypithecus_barbei,Trachypithecus_barbei,6.4,NA,NA,209
Cercopithecidae,Trachypithecus,Indochinese_Gray_Langur,Trachypithecus_crepusculus,Trachypithecus_crepusculus,6.65,6.9,6.4,1075
Cercopithecidae,Trachypithecus,Silvered_Langur,Trachypithecus_cristatus,Trachypithecus_cristatus,6.25,6.72,5.78,278
Cercopithecidae,Trachypithecus,Delacour_s_Langur,Trachypithecus_delacouri,Trachypithecus_delacouri,7.75,8,7.5,1134
Cercopithecidae,Trachypithecus,Delacour_s_Langur,Trachypithecus_delacouri,Trachypithecus_delacouri,8.6,NA,NA,244
Cercopithecidae,Trachypithecus,Black_Langur,Trachypithecus_ebenus,Trachypithecus_ebenus,10.3,10.3,NA,1134
Cercopithecidae,Trachypithecus,Francois_s_Langur,Trachypithecus_francoisi,Trachypithecus_francoisi,7.52,7.7,7.35,331
Cercopithecidae,Trachypithecus,Golden_Langur,Trachypithecus_geei,Trachypithecus_geei,10.15,10.8,9.5,331
Cercopithecidae,Trachypithecus,Germain_s_Langur,Trachypithecus_germaini,Trachypithecus_germaini,8.83,NA,NA,209
Cercopithecidae,Trachypithecus,Hatinh_Langur,Trachypithecus_hatinhensis,Trachypithecus_hatinhensis,7.35,7.5,7.2,1134
Cercopithecidae,Trachypithecus,Hatinh_Langur,Trachypithecus_hatinhensis,Trachypithecus_hatinhensis,7.2,NA,NA,244
Cercopithecidae,Trachypithecus,Laos_Langur,Trachypithecus_laotum,Trachypithecus_laotum,7,7.5,6.5,1134
Cercopithecidae,Trachypithecus,White_headed_Langur,Trachypithecus_leucocephalus,Trachypithecus_leucocephalus,8.285,8.75,7.82,1153
Cercopithecidae,Trachypithecus,Annamese_Langur,Trachypithecus_margarita,Trachypithecus_margarita,NA,NA,NA,NA
Cercopithecidae,Trachypithecus,West_Javan_Langur,Trachypithecus_mauritius,Trachypithecus_mauritius,NA,NA,NA,NA
Cercopithecidae,Trachypithecus,Dusky_Langur,Trachypithecus_obscurus,Trachypithecus_obscurus,6.99,7.77,6.22,311
Cercopithecidae,Trachypithecus,Phayre_s_Langur,Trachypithecus_phayrei,Trachypithecus_phayrei,7.44,7.93,6.95,312
Cercopithecidae,Trachypithecus,Capped_Langur,Trachypithecus_pileatus,Trachypithecus_pileatus,10.93,12,9.86,210
Cercopithecidae,Trachypithecus,Cat_Ba_Langur,Trachypithecus_poliocephalus,Trachypithecus_poliocephalus,8.05,8.75,7.35,1134
Cercopithecidae,Trachypithecus,Cat_Ba_Langur,Trachypithecus_poliocephalus,Trachypithecus_poliocephalus,7.15,,,1121
Cercopithecidae,Trachypithecus,Selangor_Silvery_Langur,Trachypithecus_selangorensis,Trachypithecus_selangorensis,NA,NA,NA,NA
Cercopithecidae,Trachypithecus,Shortridge_s_Langur,Trachypithecus_shortridgei,Trachypithecus_shortridgei,NA,NA,NA,NA
Lemuridae,Varecia,Red_Ruffed_Lemur,Varecia_rubra,Varecia_rubra,3.51,3.55,3.47,290
Lemuridae,Varecia,Red_Ruffed_Lemur,Varecia_rubra,Varecia_rubra,3.02,NA,NA,264
Lemuridae,Varecia,Black_and_white_Ruffed_Lemur,Varecia_variegata,Varecia_variegata,3.58,3.63,3.52,285
Lemuridae,Varecia,Black_and_white_Ruffed_Lemur,Varecia_variegata,Varecia_variegata,3.52,NA,NA,264
