Family,Genus,CommonName,Species,Species (ITIS),Habitat_Forest,Habitat_Savanna,Habitat_Shrubland,Habitat_Grassland,Habitat_Wetlands,Habitat_Rocky areas,Habitat_Desert,Refs1,Refs2
Cercopithecidae,Allenopithecus,Allen_s_Swamp_Monkey,Allenopithecus_nigroviridis,Allenopithecus_nigroviridis,1,0,0,0,1,0,0,227,NA
Cheirogaleidae,Allocebus,Hairy_eared_Dwarf_Lemur,Allocebus_trichotis,Allocebus_trichotis,1,0,0,0,0,0,0,227,NA
Cercopithecidae,Allochrocebus,L_Hoest_s_Monkey,Allochrocebus_lhoesti,Allochrocebus_lhoesti,1,0,1,0,1,0,0,145,245
Cercopithecidae,Allochrocebus,Preuss_s_Monkey,Allochrocebus_preussi,Allochrocebus_preussi,1,0,0,0,0,0,0,376,NA
Cercopithecidae,Allochrocebus,Sun_tailed_Monkey,Allochrocebus_solatus,Allochrocebus_solatus,1,0,0,0,0,0,0,379,NA
Atelidae,Alouatta,Ursine_Red_Howler,Alouatta_arctoidea,Alouatta_arctoidea,1,1,0,0,0,0,0,227,NA
Atelidae,Alouatta,Red_handed_Howler,Alouatta_belzebul,Alouatta_belzebul,1,0,0,0,0,0,0,227,NA
Atelidae,Alouatta,Paraguayan_Howler,Alouatta_caraya,Alouatta_caraya,1,1,0,0,0,0,0,227,NA
Atelidae,Alouatta,Spix_s_Howler,Alouatta_discolor,Alouatta_discolor,1,0,0,0,0,0,0,227,NA
Atelidae,Alouatta,Brown_Howler,Alouatta_guariba,Alouatta_guariba,1,0,0,0,0,0,0,227,NA
Atelidae,Alouatta,Guianan_Red_Howler,Alouatta_macconnelli,Alouatta_macconnelli,1,1,0,0,0,0,0,227,NA
Atelidae,Alouatta,Amazon_Black_Howler,Alouatta_nigerrima,Alouatta_nigerrima,1,1,0,0,0,0,0,227,NA
Atelidae,Alouatta,Mantled_Howler,Alouatta_palliata,Alouatta_palliata,1,0,0,0,0,0,0,227,NA
Atelidae,Alouatta,Central_American_Black_Howler,Alouatta_pigra,Alouatta_pigra,1,0,0,0,0,0,0,227,NA
Atelidae,Alouatta,Bolivian_Red_Howler,Alouatta_sara,Alouatta_sara,1,1,0,0,0,0,0,227,NA
Atelidae,Alouatta,Colombian_Red_Howler,Alouatta_seniculus,Alouatta_seniculus,1,1,0,0,0,0,0,227,NA
Atelidae,Alouatta,Maranhão_Red_handed_Howler,Alouatta_ululata,Alouatta_ululata,1,0,0,0,0,0,0,227,NA
Aotidae,Aotus,Azara_s_Night_Monkey,Aotus_azarae,Aotus_azarae,1,1,0,0,0,0,0,227,NA
Aotidae,Aotus,Brumback_s_Night_Monkey,Aotus_brumbacki,Aotus_brumbacki,1,1,0,0,0,0,0,227,NA
Aotidae,Aotus,Gray_legged_Night_Monkey,Aotus_griseimembra,Aotus_griseimembra,1,0,0,0,0,0,0,227,NA
Aotidae,Aotus,Hernández_Camacho_s_Night_Monkey,Aotus_jorgehernandezi,Aotus_jorgehernandezi,1,0,0,0,0,0,0,227,NA
Aotidae,Aotus,Lemurine_Night_Monkey,Aotus_lemurinus,Aotus_lemurinus,1,0,0,0,0,0,0,227,NA
Aotidae,Aotus,Andean_Night_Monkey,Aotus_miconax,Aotus_miconax,1,0,0,0,0,0,0,227,NA
Aotidae,Aotus,Ma_s_Night_Monkey,Aotus_nancymaae,Aotus_nancymaae,1,0,0,0,0,0,0,227,NA
Aotidae,Aotus,Black_headed_Night_Monkey,Aotus_nigriceps,Aotus_nigriceps,1,0,0,0,0,0,0,227,NA
Aotidae,Aotus,Humboldt_s_Night_Monkey,Aotus_trivirgatus,Aotus_trivirgatus,1,0,0,0,0,0,0,227,NA
Aotidae,Aotus,Spix_s_Night_Monkey,Aotus_vociferans,Aotus_vociferans,1,0,0,0,0,0,0,227,NA
Aotidae,Aotus,Panamanian_Night_Monkey,Aotus_zonalis,Aotus_zonalis,1,0,0,0,0,0,0,227,NA
Lorisidae,Arctocebus,Golden_Angwantibo,Arctocebus_aureus,Arctocebus_aureus,1,0,0,0,0,0,0,227,NA
Lorisidae,Arctocebus,Calabar_Angwantibo,Arctocebus_calabarensis,Arctocebus_calabarensis,1,0,0,0,0,0,0,227,NA
Atelidae,Ateles,White_bellied_Spider_Monkey,Ateles_belzebuth,Ateles_belzebuth,1,0,0,0,0,0,0,227,NA
Atelidae,Ateles,Black_Spider_Monkey,Ateles_chamek,Ateles_chamek,1,0,0,0,0,0,0,227,NA
Atelidae,Ateles,Brown_headed_Spider_Monkey,Ateles_fusciceps,Ateles_fusciceps,1,0,0,0,0,0,0,227,NA
Atelidae,Ateles,Central_American_Spider_Monkey,Ateles_geoffroyi,Ateles_geoffroyi,1,0,0,0,0,0,0,227,NA
Atelidae,Ateles,Variegated_Spider_Monkey,Ateles_hybridus,Ateles_hybridus,1,0,0,0,0,0,0,227,NA
Atelidae,Ateles,White_whiskered_Spider_Monkey,Ateles_marginatus,Ateles_marginatus,1,0,0,0,0,0,0,227,NA
Atelidae,Ateles,Red_faced_Black_Spider_Monkey,Ateles_paniscus,Ateles_paniscus,1,0,0,0,0,0,0,227,NA
Indriidae,Avahi,Betsileo_Woolly_Lemur,Avahi_betsileo,Avahi_betsileo,1,0,0,0,0,0,0,227,NA
Indriidae,Avahi,Bemaraha_Woolly_Lemur,Avahi_cleesei,Avahi_cleesei,1,0,0,0,0,0,0,227,NA
Indriidae,Avahi,Eastern_Woolly_Lemur,Avahi_laniger,Avahi_laniger,1,0,0,0,0,0,0,227,NA
Indriidae,Avahi,Southern_Woolly_Lemur,Avahi_meridionalis,Avahi_meridionalis,1,0,0,0,0,0,0,227,NA
Indriidae,Avahi,Masoala_Woolly_Lemur,Avahi_mooreorum,Avahi_mooreorum,1,0,0,0,0,0,0,227,NA
Indriidae,Avahi,Western_Woolly_Lemur,Avahi_occidentalis,Avahi_occidentalis,1,0,0,0,0,0,0,227,NA
Indriidae,Avahi,Peyrieras_s_Woolly_Lemur,Avahi_peyrierasi,Avahi_peyrierasi,1,0,0,0,0,0,0,227,NA
Indriidae,Avahi,Manombo_Woolly_Lemur,Avahi_ramanantsoavanai,Avahi_ramanantsoavanai,1,0,0,0,0,0,0,227,NA
Indriidae,Avahi,Sambirano_Woolly_Lemur,Avahi_unicolor,Avahi_unicolor,1,0,0,0,0,0,0,227,NA
Atelidae,Brachyteles,Southern_Muriqui,Brachyteles_arachnoides,Brachyteles_arachnoides,1,0,0,0,0,0,0,227,NA
Atelidae,Brachyteles,Northern_Muriqui,Brachyteles_hypoxanthus,Brachyteles_hypoxanthus,1,0,0,0,0,0,0,227,NA
Pitheciidae,Cacajao,Ayres_Black_Uakari,NA,Cacajao_ayresi,NA,NA,NA,NA,NA,NA,NA,NA,NA
Pitheciidae,Cacajao,Bald_Uacari,Cacajao_calvus,Cacajao_calvus,1,0,0,0,0,0,0,227,NA
Pitheciidae,Cacajao,Black_headed_Uacari,NA,Cacajao_hosomi,NA,NA,NA,NA,NA,NA,NA,NA,NA
Pitheciidae,Cacajao,Black_headed_Uacari,Cacajao_melanocephalus,Cacajao_melanocephalus,1,0,0,0,0,0,0,227,NA
Pitheciidae,Cacajao,Spix_s_Black_headed_Uacari,Cacajao_ouakary,NA,1,0,1,0,0,0,0,406,NA
Callitrichidae,Callibella,Black_crowned_Dwarf_Marmoset,Callibella_humilis,NA,1,0,0,0,0,0,0,227,NA
Pitheciidae,Callicebus,Blond_Titi,Callicebus_barbarabrownae,Callicebus_barbarabrownae,0,1,1,0,0,0,0,227,NA
Pitheciidae,Callicebus,Coimbra_Filho_s_Titi,Callicebus_coimbrai,Callicebus_coimbrai,1,1,0,0,0,0,0,227,NA
Pitheciidae,Callicebus,Southern_Bahian_Titi,Callicebus_melanochir,Callicebus_melanochir,1,0,0,0,0,0,0,227,NA
Pitheciidae,Callicebus,Black_fronted_Titi,Callicebus_nigrifrons,Callicebus_nigrifrons,1,0,0,0,0,0,0,227,NA
Pitheciidae,Callicebus,Masked_Titi,Callicebus_personatus,Callicebus_personatus,1,0,0,0,0,0,0,227,NA
Callitrichidae,Callimico,Goeldi_s_Monkey*,Callimico_goeldii,Callimico_goeldii,1,0,0,0,0,0,0,227,NA
Callitrichidae,Callithrix,Buffy_tufted_ear_Marmoset,Callithrix_aurita,Callithrix_aurita,1,0,0,0,0,0,0,227,NA
Callitrichidae,Callithrix,Buffy_headed_Marmoset,Callithrix_flaviceps,Callithrix_flaviceps,1,0,0,0,0,0,0,227,NA
Callitrichidae,Callithrix,Geoffroy_s_Tufted_ear_Marmoset,Callithrix_geoffroyi,Callithrix_geoffroyi,1,1,0,0,0,0,0,227,NA
Callitrichidae,Callithrix,Common_Marmoset,Callithrix_jacchus,Callithrix_jacchus,1,1,0,0,0,0,0,227,NA
Callitrichidae,Callithrix,Wied_s_Black_tufted_ear_Marmoset,Callithrix_kuhlii,Callithrix_kuhlii,1,0,0,0,0,0,0,227,NA
Callitrichidae,Callithrix,Black_tufted_ear_Marmoset,Callithrix_penicillata,Callithrix_penicillata,1,1,0,0,0,0,0,227,NA
Tarsiidae,Carlito,Philippine_Tarsier,Carlito_syrichta,Carlito_syrichta,1,0,0,0,0,0,0,1148,NA
Callitrichidae,Cebuella,Eastern_Pygmy_Marmoset,NA,Cebuella_niveiventris,NA,NA,NA,NA,NA,NA,NA,NA,NA
Callitrichidae,Cebuella,Pygmy_Marmoset,Cebuella_pygmaea,Cebuella_pygmaea,1,0,0,0,0,0,0,227,NA
Cebidae,Cebus,Ecuadorian_White_fronted_Capuchin,Cebus_aequatorialis,Cebus_aequatorialis,1,0,1,0,0,0,0,489,NA
Cebidae,Cebus,Humboldt_s_White_fronted_Capuchin,Cebus_albifrons,Cebus_albifrons,1,0,0,0,1,0,0,496,NA
Cebidae,Cebus,Venezuelan_Brown_Capuchin,Cebus_brunneus,Cebus_brunneus,1,0,0,0,0,0,0,499,NA
Cebidae,Cebus,Colombian_White_faced_Capuchin,Cebus_capucinus,Cebus_capucinus,1,0,0,0,1,0,0,502,NA
Cebidae,Cebus,Río_Cesar_White_fronted_Capuchin,Cebus_cesarae,Cebus_cesarae,1,0,0,0,1,0,0,502,NA
Cebidae,Cebus,Shock_headed_Capuchin,Cebus_cuscinus,Cebus_cuscinus,1,0,0,0,1,0,0,504,NA
Cebidae,Cebus,Panamanian_White_faced_Capuchin,Cebus_imitator,Cebus_imitator,1,0,0,0,0,0,0,506,NA
Cebidae,Cebus,Ka_apor_Capuchin,Cebus_kaapori,Cebus_kaapori,1,0,0,0,0,0,0,227,NA
Cebidae,Cebus,Sierra_de_Perijá_White_fronted_Capuchin,Cebus_leucocephalus,Cebus_leucocephalus,1,0,0,0,0,0,0,499,NA
Cebidae,Cebus,Santa_Marta_White_fronted_Capuchin,Cebus_malitiosus,Cebus_malitiosus,1,0,0,0,0,0,0,511,NA
Cebidae,Cebus,Guianan_Weeper_Capuchin,Cebus_olivaceus,Cebus_olivaceus,1,0,0,0,0,0,0,513,NA
Cebidae,Cebus,Spix_s_White_fronted_Capuchin,Cebus_unicolor,Cebus_unicolor,1,0,0,0,1,0,0,516,NA
Cebidae,Cebus,Varied_White_fronted_Capuchin,Cebus_versicolor,Cebus_versicolor,1,0,0,0,1,0,0,511,NA
Cebidae,Cebus,Marañón_White_fronted_Capuchin,Cebus_yuracus,Cebus_yuracus,1,0,0,0,0,0,0,504,NA
Tarsiidae,Cephalopachus,Western_Tarsier,Cephalopachus_bancanus,Cephalopachus_bancanus,1,0,0,0,0,0,0,1148,NA
Cercopithecidae,Cercocebus,Agile_Mangabey,Cercocebus_agilis,Cercocebus_agilis,1,0,0,0,0,0,0,227,NA
Cercopithecidae,Cercocebus,Sooty_Mangabey,Cercocebus_atys,Cercocebus_atys,1,1,0,0,0,0,0,227,NA
Cercopithecidae,Cercocebus,Golden_bellied_Mangabey,Cercocebus_chrysogaster,Cercocebus_chrysogaster,1,0,0,0,0,0,0,227,NA
Cercopithecidae,Cercocebus,Tana_River_Mangabey,Cercocebus_galeritus,Cercocebus_galeritus,1,0,0,0,0,0,0,227,NA
Cercopithecidae,Cercocebus,White_naped_Mangabey,Cercocebus_lunulatus,Cercocebus_lunulatus,1,0,0,0,0,0,0,517,NA
Cercopithecidae,Cercocebus,Sanje_River_Mangabey,Cercocebus_sanjei,Cercocebus_sanjei,1,0,0,0,0,0,0,227,NA
Cercopithecidae,Cercocebus,Red_capped_Mangabey,Cercocebus_torquatus,Cercocebus_torquatus,1,0,0,0,0,0,0,227,NA
Cercopithecidae,Cercopithecus,Syke_s_Monkey,Cercopithecus_albogularis,NA,1,0,0,0,0,0,0,227,NA
Cercopithecidae,Cercopithecus,Red_tailed_Monkey,Cercopithecus_ascanius,Cercopithecus_ascanius,1,0,0,0,0,0,0,227,NA
Cercopithecidae,Cercopithecus,Campbell_s_Monkey,Cercopithecus_campbelli,Cercopithecus_campbelli,1,1,0,0,0,0,0,227,NA
Cercopithecidae,Cercopithecus,Moustached_Monkey,Cercopithecus_cephus,Cercopithecus_cephus,1,0,0,0,0,0,0,227,NA
Cercopithecidae,Cercopithecus,Dent_s_Monkey,Cercopithecus_denti,Cercopithecus_denti,1,0,0,0,0,0,0,537,NA
Cercopithecidae,Cercopithecus,Diana_Monkey,Cercopithecus_diana,Cercopithecus_diana,1,0,0,0,0,0,0,227,NA
Cercopithecidae,Cercopithecus,Silver_Monkey,Cercopithecus_doggetti,NA,1,0,0,0,0,0,0,247,NA
Cercopithecidae,Cercopithecus,Dryas_Monkey,Cercopithecus_dryas,Cercopithecus_dryas,1,0,0,0,0,0,0,227,NA
Cercopithecidae,Cercopithecus,Red_bellied_Monkey,Cercopithecus_erythrogaster,Cercopithecus_erythrogaster,1,0,0,0,0,0,0,227,NA
Cercopithecidae,Cercopithecus,Red_eared_Monkey,Cercopithecus_erythrotis,Cercopithecus_erythrotis,1,0,0,0,0,0,0,227,NA
Cercopithecidae,Cercopithecus,Owl_faced_Monkey,Cercopithecus_hamlyni,Cercopithecus_hamlyni,1,0,0,0,0,0,0,227,NA
Cercopithecidae,Cercopithecus,Virungas_Golden_Monkey,Cercopithecus_kandti,NA,1,0,0,0,0,0,0,518,NA
Cercopithecidae,Cercopithecus,Lesula,Cercopithecus_lomamiensis,Cercopithecus_lomamiensis,1,0,0,0,0,0,0,519,NA
Cercopithecidae,Cercopithecus,Lowe_s_Monkey,Cercopithecus_lowei,Cercopithecus_lowei,1,1,0,0,0,0,0,536,NA
Cercopithecidae,Cercopithecus,Blue_Monkey,Cercopithecus_mitis,Cercopithecus_mitis,1,0,0,0,0,0,0,227,NA
Cercopithecidae,Cercopithecus,Mona_Monkey,Cercopithecus_mona,Cercopithecus_mona,1,0,0,0,0,0,0,227,NA
Cercopithecidae,Cercopithecus,De_Brazza_s_Monkey,Cercopithecus_neglectus,Cercopithecus_neglectus,1,0,0,0,1,0,0,227,NA
Cercopithecidae,Cercopithecus,Putty_nosed_Monkey,Cercopithecus_nictitans,Cercopithecus_nictitans,1,0,0,0,1,0,0,246,260
Cercopithecidae,Cercopithecus,Spot_nosed_Monkey,Cercopithecus_petaurista,Cercopithecus_petaurista,1,0,1,0,0,0,0,227,NA
Cercopithecidae,Cercopithecus,Crowned_Monkey,Cercopithecus_pogonias,Cercopithecus_pogonias,1,1,0,0,0,0,0,1154,NA
Cercopithecidae,Cercopithecus,Roloway_Monkey,Cercopithecus_roloway,Cercopithecus_roloway,1,0,0,0,0,0,0,565,NA
Cercopithecidae,Cercopithecus,Sclater_s_Monkey,Cercopithecus_sclateri,Cercopithecus_sclateri,1,0,1,0,0,0,0,227,NA
Cercopithecidae,Cercopithecus,Wolf_s_Monkey,Cercopithecus_wolfi,Cercopithecus_wolfi,1,1,0,0,1,0,0,1154,NA
Cheirogaleidae,Cheirogaleus,Montagne_d_Ambre_Dwarf_Lemur,Cheirogaleus_andysabini,Cheirogaleus_andysabini,0,0,0,0,0,0,0,NA,NA
Cheirogaleidae,Cheirogaleus,Crossley_s_Dwarf_Lemur,Cheirogaleus_crossleyi,Cheirogaleus_crossleyi,1,0,0,0,0,0,0,227,NA
Cheirogaleidae,Cheirogaleus,Lavasoa_Dwarf_lemur,Cheirogaleus_lavasoensis,Cheirogaleus_lavasoensis,0,0,0,0,0,0,0,NA,NA
Cheirogaleidae,Cheirogaleus,Greater_Dwarf_Lemur,Cheirogaleus_major,Cheirogaleus_major,1,0,0,0,0,0,0,227,NA
Cheirogaleidae,Cheirogaleus,Fat_tailed_Dwarf_Lemur,Cheirogaleus_medius,Cheirogaleus_medius,1,0,0,0,0,0,0,227,NA
Cheirogaleidae,Cheirogaleus,Lesser_Iron_gray_Dwarf_Lemur,Cheirogaleus_minusculus,Cheirogaleus_minusculus,1,0,0,0,0,0,0,227,NA
Cheirogaleidae,Cheirogaleus, Sheth's_Dwarf_Lemur,NA,Cheirogaleus_shethi,NA,NA,NA,NA,NA,NA,NA,NA,NA
Cheirogaleidae,Cheirogaleus,Sibree_s_Dwarf_Lemur,Cheirogaleus_sibreei,Cheirogaleus_sibreei,1,0,0,0,0,0,0,227,NA
Cheirogaleidae,Cheirogaleus,Thomas_s_Dwarf_Lemur,Cheirogaleus_thomasi,Cheirogaleus_thomasi,0,0,0,0,0,0,0,NA,NA
Pitheciidae,Cheracebus,Yellow_handed_Titi,Cheracebus_lucifer,Cheracebus_lucifer,1,0,0,0,1,0,0,575,NA
Pitheciidae,Cheracebus,White_chested_Titi,Cheracebus_lugens,Cheracebus_lugens,1,0,0,0,0,0,0,46,511
Pitheciidae,Cheracebus,Medem_s_Titi,Cheracebus_medemi,Cheracebus_medemi,1,0,0,0,0,0,0,148,NA
Pitheciidae,Cheracebus,Rio_Purus_Titi,Cheracebus_purinus,Cheracebus_purinus,1,0,0,0,0,0,0,1156,NA
Pitheciidae,Cheracebus,Rio_Juruá_Collared_Titi,Cheracebus_regulus,Cheracebus_regulus,1,0,0,0,0,0,0,581,NA
Pitheciidae,Cheracebus,White_collared_Titi,Cheracebus_torquatus,Cheracebus_torquatus,1,0,0,0,0,0,0,241,NA
Pitheciidae,Chiropotes,White_nosed_Bearded_Saki,Chiropotes_albinasus,Chiropotes_albinasus,1,0,0,0,0,0,0,227,NA
Pitheciidae,Chiropotes,Rio_Negro_Beared_Saki,Chiropotes_chiropotes,Chiropotes_chiropotes,1,0,0,0,0,0,0,227,NA
Pitheciidae,Chiropotes, Brown_backed_Bearded_Saki,NA,Chiropotes_israelita,NA,NA,NA,NA,NA,NA,NA,NA,NA
Pitheciidae,Chiropotes,Guianan_Beared_Saki,Chiropotes_sagulatus,Chiropotes_sagulatus,1,1,0,0,0,0,0,591,NA
Pitheciidae,Chiropotes,Black_Bearded_Saki,Chiropotes_satanas,Chiropotes_satanas,1,0,0,0,0,0,0,227,NA
Pitheciidae,Chiropotes,Uta_Hick_s_Bearded_Saki,Chiropotes_utahickae,Chiropotes_utahickae,1,0,0,0,0,0,0,227,NA
Cercopithecidae,Chlorocebus,Grivet_Monkey,Chlorocebus_aethiops,Chlorocebus_aethiops,0,1,1,0,0,0,0,227,NA
Cercopithecidae,Chlorocebus,Malbrouck_Monkey,Chlorocebus_cynosuros,Chlorocebus_cynosuros,1,1,0,0,0,0,0,227,NA
Cercopithecidae,Chlorocebus,Bale_Monkey,Chlorocebus_djamdjamensis,Chlorocebus_djamdjamensis,1,0,0,0,0,0,0,227,NA
Cercopithecidae,Chlorocebus,Vervet_Monkey,Chlorocebus_pygerythrus,Chlorocebus_pygerythrus,1,1,1,0,0,0,0,227,NA
Cercopithecidae,Chlorocebus,Green_Monkey,Chlorocebus_sabaeus,Chlorocebus_sabaeus,1,1,0,0,0,0,0,227,NA
Cercopithecidae,Chlorocebus,Tantalus_Monkey,Chlorocebus_tantalus,Chlorocebus_tantalus,1,1,0,0,0,0,0,227,NA
Cercopithecidae,Colobus,Angolan_Colobus,Colobus_angolensis,Colobus_angolensis,1,0,0,0,0,0,0,227,NA
Cercopithecidae,Colobus,Guereza,Colobus_guereza,Colobus_guereza,1,0,0,0,0,0,0,227,NA
Cercopithecidae,Colobus,King_Colobus,Colobus_polykomos,Colobus_polykomos,1,0,0,0,0,0,0,227,NA
Cercopithecidae,Colobus,Black_Colobus,Colobus_satanas,Colobus_satanas,1,0,0,0,0,0,0,227,NA
Cercopithecidae,Colobus,White_thighed_Colobus,Colobus_vellerosus,Colobus_vellerosus,1,1,0,0,0,0,0,227,NA
Daubentoniidae,Daubentonia,Aye_aye,Daubentonia_madagascariensis,Daubentonia_madagascariensis,1,0,1,0,0,0,0,227,NA
Cercopithecidae,Erythrocebus,Patas_Monkey,Erythrocebus_patas,Erythrocebus_patas,1,1,1,1,0,0,0,227,NA
Cercopithecidae,Erythrocebus,Heuglin's_Patas_Monkey,NA,Erythrocebus_poliophaeus,NA,NA,NA,NA,NA,NA,NA,NA,NA
Lemuridae,Eulemur,White_fronted_Brown_Lemur,Eulemur_albifrons,Eulemur_albifrons,1,0,0,0,0,0,0,227,NA
Lemuridae,Eulemur,White_collared_Brown_Lemur,Eulemur_cinereiceps,Eulemur_cinereiceps,1,0,0,0,0,0,0,227,NA
Lemuridae,Eulemur,Red_collared_Brown_Lemur,Eulemur_collaris,Eulemur_collaris,1,0,0,0,0,0,0,227,NA
Lemuridae,Eulemur,Crowned_Lemur,Eulemur_coronatus,Eulemur_coronatus,1,0,0,0,0,0,0,227,NA
Lemuridae,Eulemur,Blue_eyed_Black_Lemur,Eulemur_flavifrons,Eulemur_flavifrons,1,0,0,0,0,0,0,227,NA
Lemuridae,Eulemur,Brown_Lemur,Eulemur_fulvus,Eulemur_fulvus,1,0,0,0,0,0,0,227,NA
Lemuridae,Eulemur,Black_Lemur,Eulemur_macaco,Eulemur_macaco,1,0,0,0,0,0,0,227,NA
Lemuridae,Eulemur,Mongoose_Lemur,Eulemur_mongoz,Eulemur_mongoz,1,0,0,0,0,0,0,227,NA
Lemuridae,Eulemur,Red_bellied_Lemur,Eulemur_rubriventer,Eulemur_rubriventer,1,0,0,0,0,0,0,227,NA
Lemuridae,Eulemur,Red_fronted_Brown_Lemur,Eulemur_rufifrons,Eulemur_rufifrons,1,0,0,0,0,0,0,227,NA
Lemuridae,Eulemur,Rufous_Brown_Lemur,Eulemur_rufus,Eulemur_rufus,1,0,0,0,0,0,0,227,NA
Lemuridae,Eulemur,Sanford_s_Brown_Lemur,Eulemur_sanfordi,Eulemur_sanfordi,1,0,0,0,0,0,0,227,NA
Galagidae,Euoticus,Southern_Needle_clawed_Galago,Euoticus_elegantulus,Euoticus_elegantulus,1,0,0,0,0,0,0,227,NA
Galagidae,Euoticus,Northern_Needle_clawed_Galago,Euoticus_pallidus,Euoticus_pallidus,1,0,0,0,0,0,0,227,NA
Galagidae,Galago,Somali_Lesser_Galago,Galago_gallarum,Galago_gallarum,0,1,0,0,0,0,0,227,NA
Galagidae,Galago,Spectacled_Lesser_Galago,Galago_matschiei,Galago_matschiei,1,0,0,0,0,0,0,227,NA
Galagidae,Galago,Southern_Lesser_Galago,Galago_moholi,Galago_moholi,0,1,0,0,0,0,0,227,NA
Galagidae,Galago,Northern_Lesser_Galago,Galago_senegalensis,Galago_senegalensis,1,1,0,0,0,0,0,227,NA
Galagidae,Galagoides,Kenya_Coast_Dwarf_Galago,Galagoides_cocos,NA,1,0,0,0,0,0,0,227,NA
Galagidae,Galagoides,Demidoff_s_Dwarf_Galago,Galagoides_demidovii,Galagoides_demidovii,1,0,0,0,0,0,0,227,NA
Galagidae,Galagoides,Mozambique_Dwarf_Galago,Galagoides_granti,NA,1,0,0,0,0,0,0,227,NA
Galagidae,Galagoides,Mountain_Dwarf_Galago,Galagoides_orinus,NA,1,0,0,0,0,0,0,227,NA
Galagidae,Galagoides,Rondo_Dwarf_Galago,Galagoides_rondoensis,NA,1,0,0,0,0,0,0,227,NA
Galagidae,Galagoides,Angolan_Dwarf_Galago,NA,Galagoides_kumbirensis,NA,NA,NA,NA,NA,NA,NA,NA,NA
Galagidae,Galagoides,Thomas_s_Dwarf_Galago,Galagoides_thomasi,Galagoides_thomasi,1,0,0,0,0,0,0,227,NA
Galagidae,Galagoides,Tanzania_Coast_Dwarf_Galago,Galagoides_zanzibaricus,NA,1,0,0,0,0,0,0,227,NA
Hominidae,Gorilla,Eastern_Gorilla,Gorilla_beringei,Gorilla_beringei,1,0,0,0,0,0,0,227,NA
Hominidae,Gorilla,Western_Gorilla,Gorilla_gorilla,Gorilla_gorilla,1,0,0,0,0,0,0,227,NA
Lemuridae,Hapalemur,Lac_Alaotra_Bamboo_Lemur,Hapalemur_alaotrensis,Hapalemur_alaotrensis,0,0,0,0,1,0,0,227,NA
Lemuridae,Hapalemur,Golden_Bamboo_Lemur,Hapalemur_aureus,Hapalemur_aureus,1,0,0,0,1,0,0,227,NA
Lemuridae,Hapalemur,Gray_Bamboo_Lemur,Hapalemur_griseus,Hapalemur_griseus,1,0,0,0,0,0,0,227,NA
Lemuridae,Hapalemur,Southern_Bamboo_Lemur,Hapalemur_meridionalis,Hapalemur_meridionalis,1,0,0,0,0,0,0,227,NA
Lemuridae,Hapalemur,Northern_Bamboo_Lemur,Hapalemur_occidentalis,Hapalemur_occidentalis,1,0,0,0,0,0,0,227,NA
Hylobatidae,Hoolock,Western_Hoolock_Gibbon,Hoolock_hoolock,Hoolock_hoolock,1,0,0,0,0,0,0,227,NA
Hylobatidae,Hoolock,Eastern_Hoolock_Gibbon,Hoolock_leuconedys,Hoolock_leuconedys,1,0,0,0,0,0,0,227,NA
Hylobatidae,Hoolock,Skywalker_Hoolock_Gibbon,NA,Hoolock_tianxing,NA,NA,NA,NA,NA,NA,NA,NA,NA
Hylobatidae,Hylobates,Abbott_s_Gray_Gibbon,Hylobates_abbotti,Hylobates_abbotti,1,0,0,0,0,0,0,1100,NA
Hylobatidae,Hylobates,Agile_Gibbon,Hylobates_agilis,Hylobates_agilis,1,0,0,0,0,0,0,227,NA
Hylobatidae,Hylobates,Bornean_White_bearded_Gibbon,Hylobates_albibarbis,Hylobates_albibarbis,1,0,0,0,0,0,0,227,NA
Hylobatidae,Hylobates,East_Bornean_Gray_Gibbon,Hylobates_funereus,Hylobates_funereus,1,0,0,0,0,0,0,690,NA
Hylobatidae,Hylobates,Kloss_s_Gibbon,Hylobates_klossii,Hylobates_klossii,1,0,0,0,0,0,0,227,NA
Hylobatidae,Hylobates,Lar_Gibbon,Hylobates_lar,Hylobates_lar,1,0,0,0,0,0,0,227,NA
Hylobatidae,Hylobates,Moloch_Gibbon,Hylobates_moloch,Hylobates_moloch,1,0,0,0,0,0,0,227,NA
Hylobatidae,Hylobates,Müller_s_Gibbon,Hylobates_muelleri,Hylobates_muelleri,1,0,0,0,0,0,0,227,NA
Hylobatidae,Hylobates,Pileated_Gibbon,Hylobates_pileatus,Hylobates_pileatus,1,0,0,0,0,0,0,227,NA
Indriidae,Indri,Indri,Indri_indri,Indri_indri,1,0,0,0,0,0,0,227,NA
Atelidae,Lagothrix,Gray_Woolly_Monkey,Lagothrix_cana,NA,1,1,0,0,0,0,0,227,NA
Atelidae,Lagothrix,Peruvian_Yellow_tailed_Woolly_Monkey,Lagothrix_flavicauda,Lagothrix_flavicauda,1,0,0,0,0,0,0,227,NA
Atelidae,Lagothrix,Humboldt_s_Woolly_Monkey,Lagothrix_lagothricha,Lagothrix_lagothricha,1,1,0,0,0,0,0,227,NA
Atelidae,Lagotrix,Colombian_Woolly_Monkey,Lagotrix_lugens,NA,0,0,0,0,0,0,0,NA,NA
Atelidae,Lagothrix,Poeppig_s_Woolly_Monkey,Lagothrix_poeppigii,NA,1,0,0,0,0,0,0,227,NA
Lemuridae,Lemur,Ring_tailed_Lemur,Lemur_catta,Lemur_catta,1,0,1,0,0,0,0,227,NA
Callitrichidae,Leontocebus,Cruz_Lima’s_Saddle_back_Tamarin,Leontocebus_cruzlimai,Leontocebus_cruzlimai,0,0,0,0,0,0,0,NA,NA
Callitrichidae,Leontocebus,Spix_s_Saddle_back_Tamarin,Leontocebus_fuscicollis,Leontocebus_fuscicollis,1,0,0,0,1,0,0,1101,NA
Callitrichidae,Leontocebus,Lesson_s_Saddle_back_Tamarin,Leontocebus_fuscus,Leontocebus_fuscus,1,0,0,0,0,0,0,1158,NA
Callitrichidae,Leontocebus,Illiger_s_Saddle_back_Tamarin,Leontocebus_illigeri,Leontocebus_illigeri,1,0,0,0,0,0,0,1102,NA
Callitrichidae,Leontocebus,Red_mantled_Saddle_back_Tamarin,Leontocebus_lagonotus,Leontocebus_lagonotus,1,0,0,0,0,0,0,1158,NA
Callitrichidae,Leontocebus,Andean_Saddle_back_Tamarin,Leontocebus_leucogenys,Leontocebus_leucogenys,1,0,0,0,0,0,0,716,NA
Callitrichidae,Leontocebus,Black_mantled_tamarin,Leontocebus_nigricollis,Leontocebus_nigricollis,1,0,0,0,1,0,0,1102,NA
Callitrichidae,Leontocebus,Geoffroy_s_Saddle_back_Tamarin,Leontocebus_nigrifrons,Leontocebus_nigrifrons,1,0,0,0,0,0,0,1101,NA
Callitrichidae,Leontocebus,Golden_mantled_Saddle_back_Tamarin,Leontocebus_tripartitus,Leontocebus_tripartitus,1,0,0,0,1,0,0,1158,NA
Callitrichidae,Leontocebus,Weddell’s_Saddle_back_Tamarin,Leontocebus_weddelli,Leontocebus_weddelli,1,0,0,0,0,0,0,1103,NA
Callitrichidae,Leontopithecus,Black_faced_Lion_Tamarin,Leontopithecus_caissara,Leontopithecus_caissara,1,0,0,0,0,0,0,227,NA
Callitrichidae,Leontopithecus,Golden_headed_Lion_Tamarin,Leontopithecus_chrysomelas,Leontopithecus_chrysomelas,1,0,0,0,0,0,0,227,NA
Callitrichidae,Leontopithecus,Black_Lion_Tamarin,Leontopithecus_chrysopygus,Leontopithecus_chrysopygus,1,0,0,0,0,0,0,227,NA
Callitrichidae,Leontopithecus,Golden_Lion_Tamarin,Leontopithecus_rosalia,Leontopithecus_rosalia,1,0,0,0,0,0,0,227,NA
Lepilemuridae,Lepilemur,Antafia_Sportive_Lemur,Lepilemur_aeeclis,Lepilemur_aeeclis,1,0,0,0,0,0,0,227,NA
Lepilemuridae,Lepilemur,Tsiombikibo_Sportive_Lemur,Lepilemur_ahmansonorum,Lepilemur_ahmansonorum,1,0,0,0,0,0,0,227,NA
Lepilemuridae,Lepilemur,Ankarana_Sportive_Lemur,Lepilemur_ankaranensis,Lepilemur_ankaranensis,1,0,0,0,0,0,0,227,NA
Lepilemuridae,Lepilemur,Betsileo_Sportive_Lemur,Lepilemur_betsileo,Lepilemur_betsileo,1,0,0,0,0,0,0,227,NA
Lepilemuridae,Lepilemur,Gray_s_Sportive_Lemur,Lepilemur_dorsalis,Lepilemur_dorsalis,1,0,0,0,0,0,0,227,NA
Lepilemuridae,Lepilemur,Milne_Edwards_s_Sportive_Lemur,Lepilemur_edwardsi,Lepilemur_edwardsi,1,0,0,0,0,0,0,227,NA
Lepilemuridae,Lepilemur,Andohahela_Sportive_Lemur,Lepilemur_fleuretae,Lepilemur_fleuretae,1,0,0,0,0,0,0,227,NA
Lepilemuridae,Lepilemur,Anjiamangirana_Sportive_Lemur,Lepilemur_grewcockorum,Lepilemur_grewcockorum,1,0,0,0,0,0,0,227,NA
Lepilemuridae,Lepilemur,Mananara_Nord_Sportive_Lemur,Lepilemur_hollandorum,Lepilemur_hollandorum,1,0,0,0,0,0,0,227,NA
Lepilemuridae,Lepilemur,Zombitse_Sportive_Lemur,Lepilemur_hubbardi,Lepilemur_hubbardi,1,0,0,0,0,0,0,227,NA
Lepilemuridae,Lepilemur,Manombo_Sportive_Lemur,Lepilemur_jamesorum,Lepilemur_jamesorum,1,0,0,0,0,0,0,227,NA
Lepilemuridae,Lepilemur,White_footed_Sportive_Lemur,Lepilemur_leucopus,Lepilemur_leucopus,1,0,0,0,0,0,0,227,NA
Lepilemuridae,Lepilemur,Small_toothed_Sportive_Lemur,Lepilemur_microdon,Lepilemur_microdon,1,0,0,0,0,0,0,227,NA
Lepilemuridae,Lepilemur,Daraina_Sportive_Lemur,Lepilemur_milanoii,Lepilemur_milanoii,1,0,0,0,0,0,0,227,NA
Lepilemuridae,Lepilemur,Mittermeier_s_Sportive_Lemur,Lepilemur_mittermeieri,Lepilemur_mittermeieri,1,0,0,0,0,0,0,227,NA
Lepilemuridae,Lepilemur,Weasel_Sportive_Lemur,Lepilemur_mustelinus,Lepilemur_mustelinus,1,0,0,0,0,0,0,227,NA
Lepilemuridae,Lepilemur,Ambodimahabibo_Sportive_Lemur,Lepilemur_otto,Lepilemur_otto,1,0,0,0,0,0,0,227,NA
Lepilemuridae,Lepilemur,Petter_s_Sportive_Lemur,Lepilemur_petteri,Lepilemur_petteri,1,0,0,0,0,0,0,227,NA
Lepilemuridae,Lepilemur,Bemaraha_Sportive_Lemur,Lepilemur_randrianasoloi,Lepilemur_randrianasoloi,1,0,0,0,0,0,0,227,NA
Lepilemuridae,Lepilemur,Red_tailed_Sportive_Lemur,Lepilemur_ruficaudatus,Lepilemur_ruficaudatus,1,0,0,0,0,0,0,227,NA
Lepilemuridae,Lepilemur,Sahamalaza_Sportive_Lemur,Lepilemur_sahamalazensis,Lepilemur_sahamalazensis,1,0,0,0,0,0,0,227,NA
Lepilemuridae,Lepilemur,Masoala_Sportive_Lemur,Lepilemur_scottorum,Lepilemur_scottorum,1,0,0,0,0,0,0,227,NA
Lepilemuridae,Lepilemur,Seal_s_Sportive_Lemur,Lepilemur_seali,Lepilemur_seali,1,0,0,0,0,0,0,227,NA
Lepilemuridae,Lepilemur,Sahafary_Sportive_Lemur,Lepilemur_septentrionalis,Lepilemur_septentrionalis,1,0,0,0,0,0,0,227,NA
Lepilemuridae,Lepilemur,Nosy_Be_Sportive_Lemur,Lepilemur_tymerlachsoni,Lepilemur_tymerlachsoni,1,0,0,0,0,0,0,227,NA
Lepilemuridae,Lepilemur,Wright_s_Sportive_Lemur,Lepilemur_wrightae,Lepilemur_wrightae,1,0,0,0,0,0,0,227,NA
Cercopithecidae,Lophocebus,Gray_cheeked_Mangabey,Lophocebus_albigena,Lophocebus_albigena,1,0,0,0,0,0,0,227,NA
Cercopithecidae,Lophocebus,Northern_Black_Crested_Mangabey,Lophocebus_aterrimus,Lophocebus_aterrimus,1,0,0,0,0,0,0,227,NA
Cercopithecidae,Lophocebus,Johnston_s_Mangabey,Lophocebus_johnstoni,NA,1,0,0,0,0,0,0,895,NA
Cercopithecidae,Lophocebus,Southern_Back_Crested_Mangabey,Lophocebus_opdenboschi,NA,1,0,0,0,1,0,0,895,NA
Cercopithecidae,Lophocebus,Rusty_mantled_Mangabey,Lophocebus_osmani,NA,1,0,0,0,0,0,0,895,NA
Cercopithecidae,Lophocebus,Ugandan_Crested_Mangabey,Lophocebus_ugandae,NA,1,0,0,0,0,0,0,895,NA
Lorisidae,Loris,Gray_Slender_Loris,Loris_lydekkerianus,Loris_lydekkerianus,1,0,0,0,0,0,0,227,NA
Lorisidae,Loris,Red_Slender_Loris,Loris_tardigradus,Loris_tardigradus,1,0,0,0,0,0,0,227,NA
Cercopithecidae,Macaca,Stump_tailed_Macaque,Macaca_arctoides,Macaca_arctoides,1,0,0,0,0,0,0,227,NA
Cercopithecidae,Macaca,Assamese_Macaque,Macaca_assamensis,Macaca_assamensis,1,0,0,0,0,0,0,227,NA
Cercopithecidae,Macaca,Taiwanese_Macaque,Macaca_cyclopis,Macaca_cyclopis,1,0,0,0,0,0,0,227,NA
Cercopithecidae,Macaca,Long_tailed_Macaque,Macaca_fascicularis,Macaca_fascicularis,1,0,0,0,1,0,0,227,NA
Cercopithecidae,Macaca,Japanese_Macaque,Macaca_fuscata,Macaca_fuscata,1,0,0,0,0,0,0,227,NA
Cercopithecidae,Macaca,Heck_s_Macaque,Macaca_hecki,Macaca_hecki,1,0,0,0,0,0,0,227,NA
Cercopithecidae,Macaca,Northern_Pig_tailed_Macaque,Macaca_leonina,Macaca_leonina,1,0,0,0,0,0,0,227,NA
Cercopithecidae,Macaca,White_cheeked_Macaque,Macaca_leucogenys,Macaca_leucogenys,0,0,0,0,0,0,0,NA,NA
Cercopithecidae,Macaca,Moor_Macaque,Macaca_maura,Macaca_maura,1,0,0,1,0,0,0,227,NA
Cercopithecidae,Macaca,Rhesus_Macaque,Macaca_mulatta,Macaca_mulatta,1,1,1,0,0,0,0,227,NA
Cercopithecidae,Macaca,Arunachal_Macaque,Macaca_munzala,Macaca_munzala,1,0,0,0,0,0,0,227,NA
Cercopithecidae,Macaca,Sunda_Pig_tailed_Macaque,Macaca_nemestrina,Macaca_nemestrina,1,0,0,0,0,0,0,227,NA
Cercopithecidae,Macaca,Crested_Macaque,Macaca_nigra,Macaca_nigra,1,0,0,0,0,0,0,227,NA
Cercopithecidae,Macaca,Gorontalo_Macaque,Macaca_nigrescens,Macaca_nigrescens,1,0,0,0,0,0,0,227,NA
Cercopithecidae,Macaca,Booted_Macaque,Macaca_ochreata,Macaca_ochreata,1,0,0,0,0,0,0,227,NA
Cercopithecidae,Macaca,Pagai_Macaque,Macaca_pagensis,Macaca_pagensis,1,0,0,0,0,0,0,227,NA
Cercopithecidae,Macaca,Bonnet_Macaque,Macaca_radiata,Macaca_radiata,1,1,1,0,0,0,0,227,NA
Cercopithecidae,Macaca,Siberut_Macaque,Macaca_siberu,Macaca_siberu,1,0,0,0,0,0,0,227,NA
Cercopithecidae,Macaca,Lion_tailed_Macaque,Macaca_silenus,Macaca_silenus,1,0,0,0,0,0,0,227,NA
Cercopithecidae,Macaca,Toque_Macaque,Macaca_sinica,Macaca_sinica,1,0,0,0,0,0,0,227,NA
Cercopithecidae,Macaca,Barbary_Macaque,Macaca_sylvanus,Macaca_sylvanus,1,0,1,0,0,1,0,227,NA
Cercopithecidae,Macaca,Tibetan_Macaque,Macaca_thibetana,Macaca_thibetana,1,0,0,0,0,0,0,227,NA
Cercopithecidae,Macaca,Tonkean_Macaque,Macaca_tonkeana,Macaca_tonkeana,1,0,0,0,0,0,0,227,NA
Cercopithecidae,Mandrillus,Drill,Mandrillus_leucophaeus,Mandrillus_leucophaeus,1,1,0,0,0,1,0,227,NA
Cercopithecidae,Mandrillus,Mandrill,Mandrillus_sphinx,Mandrillus_sphinx,1,0,0,0,0,0,0,227,NA
Callitrichidae,Mico,Rio_Acarí_Marmoset,Mico_acariensis,Mico_acariensis,1,0,0,0,0,0,0,227,NA
Callitrichidae,Mico,Silvery_Marmoset,Mico_argentatus,Mico_argentatus,1,1,0,0,0,0,0,227,NA
Callitrichidae,Mico,Golden_white_Tassel_ear_Marmoset,Mico_chrysoleucos,Mico_chrysoleucos,1,0,0,0,0,0,0,227,NA
Callitrichidae,Mico,Snethlage_s_Marmoset,Mico_emiliae,Mico_emiliae,1,1,0,0,0,0,0,227,NA
Callitrichidae,Mico,Santarém_Marmoset,Mico_humeralifer,Mico_humeralifer,1,0,0,0,0,0,0,227,NA
Callitrichidae,Mico,Black_crowned_Dwarf_Marmoset,NA,Mico_humilis,NA,NA,NA,NA,NA,NA,NA,NA,NA
Callitrichidae,Mico,Rio_Aripuanã_Marmoset,Mico_intermedius,Mico_intermedius,1,0,0,0,0,0,0,227,NA
Callitrichidae,Mico,Golden_white_Bare_ear_Marmoset,Mico_leucippe,Mico_leucippe,1,0,0,0,0,0,0,227,NA
Callitrichidae,Mico,Marca_s_Marmoset,Mico_marcai,Mico_marcai,1,0,0,0,0,0,0,227,NA
Callitrichidae,Mico,Maués_Marmoset,Mico_mauesi,Mico_mauesi,1,0,0,0,0,0,0,227,NA
Callitrichidae,Mico,Black_tailed_Marmoset,Mico_melanurus,Mico_melanurus,1,1,0,0,0,0,0,227,NA
Callitrichidae,Mico,Black_headed_Marmoset,Mico_nigriceps,Mico_nigriceps,1,0,0,0,0,0,0,227,NA
Callitrichidae,Mico,Rondon_s_Marmoset,Mico_rondoni,Mico_rondoni,1,0,0,0,0,0,0,227,NA
Callitrichidae,Mico,Sateré_Marmoset,Mico_saterei,Mico_saterei,1,0,0,0,0,0,0,227,NA
Cheirogaleidae,Microcebus,Montagne_d_Ambre_Mouse_Lemur,Microcebus_arnholdi,Microcebus_arnholdi,1,0,0,0,0,0,0,227,NA
Cheirogaleidae,Microcebus,Madame_Berthe_s_Mouse_Lemur,Microcebus_berthae,Microcebus_berthae,1,0,0,0,0,0,0,227,NA
Cheirogaleidae,Microcebus,Bongolava_Mouse_Lemur,Microcebus_bongolavensis,Microcebus_bongolavensis,1,0,0,0,0,0,0,227,NA
Cheirogaleidae,Microcebus, Nosy_Boraha_Mouse_Lemur,NA,Microcebus_boraha,NA,NA,NA,NA,NA,NA,NA,NA,NA
Cheirogaleidae,Microcebus,Ambarijeby_Mouse_Lemur,Microcebus_danfossi,Microcebus_danfossi,1,0,0,0,0,0,0,227,NA
Cheirogaleidae,Microcebus,Ganzhorn's_Mouse_Lemur,NA,Microcebus_ganzhorni,NA,NA,NA,NA,NA,NA,NA,NA,NA
Cheirogaleidae,Microcebus,Gerp_s_Mouse_Lemur,Microcebus_gerpi,Microcebus_gerpi,1,0,0,0,0,0,0,227,NA
Cheirogaleidae,Microcebus,Gray_brown_Mouse_Lemur,Microcebus_griseorufus,Microcebus_griseorufus,1,0,1,0,0,0,0,227,NA
Cheirogaleidae,Microcebus,Jolly_s_Mouse_Lemur,Microcebus_jollyae,Microcebus_jollyae,1,0,0,0,0,0,0,227,NA
Cheirogaleidae,Microcebus,Goodman_s_Mouse_Lemur,Microcebus_lehilahytsara,Microcebus_lehilahytsara,1,0,0,0,0,0,0,227,NA
Cheirogaleidae,Microcebus,Anjiahely_Mouse_Lemur,Microcebus_macarthurii,Microcebus_macarthurii,1,0,0,0,0,0,0,227,NA
Cheirogaleidae,Microcebus,Nosy_Be_Mouse_Lemur,Microcebus_mamiratra,Microcebus_mamiratra,1,0,0,0,0,0,0,227,NA
Cheirogaleidae,Microcebus,Bemanasy_Mouse_Lemur,NA,Microcebus_manitatra,NA,NA,NA,NA,NA,NA,NA,NA,NA
Cheirogaleidae,Microcebus,Margot_Marsh_s_Mouse_Lemur,Microcebus_margotmarshae,Microcebus_margotmarshae,1,0,0,0,0,0,0,227,NA
Cheirogaleidae,Microcebus,Marohita_Mouse_Lemur,Microcebus_marohita,Microcebus_marohita,1,0,0,0,0,0,0,227,NA
Cheirogaleidae,Microcebus,Mittermeier_s_Mouse_Lemur,Microcebus_mittermeieri,Microcebus_mittermeieri,1,0,0,0,0,0,0,227,NA
Cheirogaleidae,Microcebus,Gray_Mouse_Lemur,Microcebus_murinus,Microcebus_murinus,1,0,1,0,0,0,0,227,NA
Cheirogaleidae,Microcebus,Peters_s_Mouse_Lemur,Microcebus_myoxinus,Microcebus_myoxinus,1,0,0,0,0,0,0,227,NA
Cheirogaleidae,Microcebus,Golden_brown_Mouse_Lemur,Microcebus_ravelobensis,Microcebus_ravelobensis,1,0,0,0,0,0,0,227,NA
Cheirogaleidae,Microcebus,Rufous_Mouse_Lemur,Microcebus_rufus,Microcebus_rufus,1,0,0,0,0,0,0,227,NA
Cheirogaleidae,Microcebus,Sambirano_Mouse_Lemur,Microcebus_sambiranensis,Microcebus_sambiranensis,1,0,0,0,0,0,0,227,NA
Cheirogaleidae,Microcebus,Simmons_s_Mouse_Lemur,Microcebus_simmonsi,Microcebus_simmonsi,1,0,0,0,0,0,0,227,NA
Cheirogaleidae,Microcebus,Anosi_Mouse_lemur,Microcebus_tanosi,Microcebus_tanosi,0,0,0,0,0,0,0,NA,NA
Cheirogaleidae,Microcebus,Tavaratra_Mouse_Lemur,Microcebus_tavaratra,Microcebus_tavaratra,1,0,0,0,0,0,0,227,NA
Cercopithecidae,Miopithecus,Northern_Talapoin_Monkey,Miopithecus_ogouensis,Miopithecus_ogouensis,1,0,0,0,0,0,0,227,NA
Cercopithecidae,Miopithecus,Southern_Talapoin_Monkey,Miopithecus_talapoin,Miopithecus_talapoin,1,0,0,0,1,0,0,227,NA
Cheirogaleidae,Mirza,Coquerel_s_Giant_Mouse_Lemur,Mirza_coquereli,Mirza_coquereli,1,0,0,0,0,0,0,227,NA
Cheirogaleidae,Mirza,Northern_Giant_Mouse_Lemur,Mirza_zaza,Mirza_zaza,1,0,0,0,0,0,0,227,NA
Cercopithecidae,Nasalis,Proboscis_Monkey,Nasalis_larvatus,Nasalis_larvatus,1,0,0,0,0,0,0,227,NA
Hylobatidae,Nomascus,Northern_Yellow_cheeked_Crested_Gibbon,Nomascus_annamensis,Nomascus_annamensis,1,0,0,0,0,0,0,1082,NA
Hylobatidae,Nomascus,Western_Black_Crested_Gibbon,Nomascus_concolor,Nomascus_concolor,1,0,0,0,0,0,0,227,NA
Hylobatidae,Nomascus,Southern_Yellow_cheeked_Crested_Gibbon,Nomascus_gabriellae,Nomascus_gabriellae,1,0,0,0,0,0,0,227,NA
Hylobatidae,Nomascus,Hainan_Crested_Gibbon,Nomascus_hainanus,Nomascus_hainanus,1,0,0,0,0,0,0,227,NA
Hylobatidae,Nomascus,Northern_White_cheeked_Crested_Gibbon,Nomascus_leucogenys,Nomascus_leucogenys,1,0,0,0,0,0,0,227,NA
Hylobatidae,Nomascus,Eastern_Black_Crested_Gibbon,Nomascus_nasutus,Nomascus_nasutus,1,0,0,0,0,0,0,227,NA
Hylobatidae,Nomascus,Southern_White_cheeked_Crested_Gibbon,Nomascus_siki,Nomascus_siki,1,0,0,0,0,0,0,227,NA
Lorisidae,Nycticebus,Bangka_Slow_Loris,Nycticebus_bancanus,Nycticebus_bancanus,1,0,0,0,0,0,0,227,NA
Lorisidae,Nycticebus,Bengal_Slow_Loris,Nycticebus_bengalensis,Nycticebus_bengalensis,1,0,0,0,0,0,0,227,NA
Lorisidae,Nycticebus,Bornean_Slow_Loris,Nycticebus_borneanus,Nycticebus_borneanus,1,0,0,0,0,0,0,227,NA
Lorisidae,Nycticebus,Sunda_Slow_Loris,Nycticebus_coucang,Nycticebus_coucang,1,0,0,0,0,0,0,227,NA
Lorisidae,Nycticebus,Javan_Slow_Loris,Nycticebus_javanicus,Nycticebus_javanicus,1,0,0,0,0,0,0,227,NA
Lorisidae,Nycticebus,Kayan_River_Slow_Loris,Nycticebus_kayan,Nycticebus_kayan,0,0,0,0,0,0,0,NA,NA
Lorisidae,Nycticebus,Philippine_Slow_Loris,Nycticebus_menagensis,Nycticebus_menagensis,1,0,0,0,0,0,0,227,NA
Lorisidae,Nycticebus,Pygmy_Slow_Loris,Nycticebus_pygmaeus,Nycticebus_pygmaeus,1,0,0,0,0,0,0,227,NA
Galagidae,Otolemur,Thick_tailed_Greater_Galago,Otolemur_crassicaudatus,Otolemur_crassicaudatus,1,1,1,0,0,0,0,227,NA
Galagidae,Otolemur,Garnett_s_Greater_Galago,Otolemur_garnettii,Otolemur_garnettii,1,0,0,0,0,0,0,227,NA
Hominidae,Pan,Bonobo,Pan_paniscus,Pan_paniscus,1,0,0,0,0,0,0,227,NA
Hominidae,Pan,Chimpanzee,Pan_troglodytes,Pan_troglodytes,1,1,0,0,0,0,0,227,NA
Cercopithecidae,Papio,Olive_Baboon,Papio_anubis,Papio_anubis,1,1,1,1,0,0,0,227,NA
Cercopithecidae,Papio,Yellow_Baboon,Papio_cynocephalus,Papio_cynocephalus,1,1,0,0,0,0,0,227,NA
Cercopithecidae,Papio,Hamadryas_Baboon,Papio_hamadryas,Papio_hamadryas,0,0,1,1,0,1,0,227,NA
Cercopithecidae,Papio,Kinda_Baboon,Papio_kindae,Papio_kindae,1,1,1,0,0,0,0,247,
Cercopithecidae,Papio,Guinea_Baboon,Papio_papio,Papio_papio,1,1,0,1,0,0,0,227,NA
Cercopithecidae,Papio,Chacma_Baboon,Papio_ursinus,Papio_ursinus,1,1,1,1,0,1,1,227,NA
Galagidae,Paragalago,Kenya_Coast_Dwarf_Galago,NA,Paragalago_cocos,NA,NA,NA,NA,NA,NA,NA,NA,NA
Galagidae,Paragalago,Mozambique_Dwarf_Galago,NA,Paragalago _granti,NA,NA,NA,NA,NA,NA,NA,NA,NA
Galagidae,Paragalago,Mountain_Dwarf_Galago,NA,Paragalago_orinus,NA,NA,NA,NA,NA,NA,NA,NA,NA
Galagidae,Paragalago,Rondo_Dwarf_Galago,NA,Paragalago_rondoensis,NA,NA,NA,NA,NA,NA,NA,NA,NA
Galagidae,Paragalago,Tanzania_Coast_Dwarf_Galago,NA,Paragalago_zanzibaricus,NA,NA,NA,NA,NA,NA,NA,NA,NA
Lorisidae,Perodicticus,Milne_Edwards_s_Potto,Perodicticus_edwardsi,Perodicticus_edwardsi,1,0,0,0,1,0,0,879,NA
Lorisidae,Perodicticus,East_African_Potto,Perodicticus_ibeanus,Perodicticus_ibeanus,1,0,0,0,1,0,0,882,NA
Lorisidae,Perodicticus,West_African_Potto,Perodicticus_potto,Perodicticus_potto,1,0,0,0,0,0,0,227,NA
Cheirogaleidae,Phaner,Montagne_D__Ambre_Fork_marked_Lemur,Phaner_electromontis,Phaner_electromontis,1,0,0,0,0,0,0,227,NA
Cheirogaleidae,Phaner,Masoala_Fork_marked_Lemur,Phaner_furcifer,Phaner_furcifer,1,0,0,0,0,0,0,227,NA
Cheirogaleidae,Phaner,Pale_Fork_marked_Lemur,Phaner_pallescens,Phaner_pallescens,1,0,0,0,0,0,0,227,NA
Cheirogaleidae,Phaner,Sambirano_Fork_marked_Lemur,Phaner_parienti,Phaner_parienti,1,0,0,0,0,0,0,227,NA
Cercopithecidae,Piliocolobus,Upper_Guinea_Red_Colobus,Piliocolobus_badius,Piliocolobus_badius,1,0,0,0,0,0,0,962,NA
Cercopithecidae,Piliocolobus,Bouvier_s_Red_Colobus,Piliocolobus_bouvieri,Piliocolobus_bouvieri,1,0,0,0,1,0,0,1104,NA
Cercopithecidae,Piliocolobus,Niger_Delta_Red_Colobus,Piliocolobus_epieni,Piliocolobus_epieni,1,0,0,0,0,0,0,1105,NA
Cercopithecidae,Piliocolobus,Foa_s_Red_Colobus,Piliocolobus_foai,Piliocolobus_foai,1,0,0,0,0,0,0,435,NA
Cercopithecidae,Piliocolobus,Udzungwa_Red_Colobus,Piliocolobus_gordonorum,Piliocolobus_gordonorum,1,0,0,0,1,0,0,1106,1107
Cercopithecidae,Piliocolobus,Zanzibar_Red_Colobus,Piliocolobus_kirkii,Piliocolobus_kirkii,1,0,1,0,1,0,0,250,262
Cercopithecidae,Piliocolobus,Lang_s_Red_Colobus,Piliocolobus_langi,Piliocolobus_langi,1,0,0,0,0,0,0,1108,NA
Cercopithecidae,Piliocolobus,NA,NA,Piliocolobus_lulindicus,NA,NA,NA,NA,NA,NA,NA,NA,NA
Cercopithecidae,Piliocolobus,Oustalet_s_Red_Colobus,Piliocolobus_oustaleti,Piliocolobus_oustaleti,1,1,0,0,1,0,0,1109,896
Cercopithecidae,Piliocolobus,Lomami_Red_Colobus,Piliocolobus_parmentieri,Piliocolobus_parmentieri,1,0,0,0,0,0,0,1110,NA
Cercopithecidae,Piliocolobus,Pennant_s_Red_Colobus,Piliocolobus_pennantii,Piliocolobus_pennantii,1,0,0,0,0,0,0,1111,NA
Cercopithecidae,Piliocolobus,Preuss_s_Red_Colobus,Piliocolobus_preussi,Piliocolobus_preussi,1,0,0,0,0,0,0,362,NA
Cercopithecidae,Piliocolobus,Tana_River_Red_Colobus,Piliocolobus_rufomitratus,Piliocolobus_rufomitratus,1,0,0,0,0,0,0,227,NA
Cercopithecidae,Piliocolobus,Semliki_Red_Colobus,Piliocolobus_semlikiensis,Piliocolobus_semlikiensis,1,0,0,0,0,0,0,1110,NA
Cercopithecidae,Piliocolobus,Temminick_s_Red_Colobus,Piliocolobus_temminckii,NA,1,1,1,0,1,0,0,248,249
Cercopithecidae,Piliocolobus,Ashy_Red_Colobus,Piliocolobus_tephrosceles,Piliocolobus_tephrosceles,1,0,0,0,0,0,0,904,NA
Cercopithecidae,Piliocolobus,Tshuapa_Red_Colobus,Piliocolobus_tholloni,Piliocolobus_tholloni,1,0,0,0,1,0,0,908,NA
Cercopithecidae,Piliocolobus,Miss_Waldron_s_Red_Colobus,Piliocolobus_waldronae,Piliocolobus_waldronae,1,0,0,0,0,0,0,1112,NA
Pitheciidae,Pithecia,Equatorial_Saki,Pithecia_aequatorialis,Pithecia_aequatorialis,1,0,0,0,0,0,0,227,NA
Pitheciidae,Pithecia,Buffy_Saki,Pithecia_albicans,Pithecia_albicans,1,0,0,0,0,0,0,227,NA
Pitheciidae,Pithecia,Cazuza_s_Saki,Pithecia_cazuzai,Pithecia_cazuzai,0,0,0,0,0,0,0,NA,NA
Pitheciidae,Pithecia,Golden_faced_Saki,Pithecia_chrysocephala,Pithecia_chrysocephala,0,0,0,0,0,0,0,NA,NA
Pitheciidae,Pithecia,Hairy_Saki,Pithecia_hirsuta,Pithecia_hirsuta,0,0,0,0,0,0,0,NA,NA
Pitheciidae,Pithecia,Burnished_Saki,Pithecia_inusta,Pithecia_inusta,0,0,0,0,0,0,0,NA,NA
Pitheciidae,Pithecia,Gray_s_Bald_faced_Saki,Pithecia_irrorata,Pithecia_irrorata,1,0,0,0,1,0,0,1113,NA
Pitheciidae,Pithecia,Isabel_s_Saki,Pithecia_isabela,Pithecia_isabela,0,0,0,0,0,0,0,NA,NA
Pitheciidae,Pithecia,Miller_s_Saki,Pithecia_milleri,Pithecia_milleri,0,0,0,0,0,0,0,NA,NA
Pitheciidae,Pithecia,Mittermeier_s_Tapajós_Saki,Pithecia_mittermeieri,Pithecia_mittermeieri,0,0,0,0,0,0,0,NA,NA
Pitheciidae,Pithecia,Monk_Saki,Pithecia_monachus,Pithecia_monachus,1,0,0,0,1,0,0,916,NA
Pitheciidae,Pithecia,Napo_Saki,Pithecia_napensis,Pithecia_napensis,0,0,0,0,0,0,0,NA,NA
Pitheciidae,Pithecia,Pissinatti_s_Bald_faced_Saki,Pithecia_pissinattii,Pithecia_pissinattii,0,0,0,0,0,0,0,NA,NA
Pitheciidae,Pithecia,White_faced_saki,Pithecia_pithecia,Pithecia_pithecia,1,0,0,0,1,0,0,919,112
Pitheciidae,Pithecia,Rylands__Bald_faced_Saki,Pithecia_rylandsi,Pithecia_rylandsi,0,0,0,0,0,0,0,NA,NA
Pitheciidae,Pithecia,Vanzolini’s_Bald_faced_Saki,Pithecia_vanzolinii,Pithecia_vanzolinii,0,0,0,0,0,0,0,NA,NA
Pitheciidae,Plecturocebus,Madidi_Titi,Plecturocebus_aureipalatii,Plecturocebus_aureipalatii,1,0,0,0,0,0,0,1114,NA
Pitheciidae,Plecturocebus,Lake_Baptista_Titi,Plecturocebus_baptista,Plecturocebus_baptista,1,0,0,0,0,0,0,241,NA
Pitheciidae,Plecturocebus,Prince_Bernhard_s_Titi,Plecturocebus_bernhardi,Plecturocebus_bernhardi,1,0,0,0,0,0,0,241,NA
Pitheciidae,Plecturocebus,Brown_Titi,Plecturocebus_brunneus,Plecturocebus_brunneus,1,0,0,0,0,0,0,30,NA
Pitheciidae,Plecturocebus,Chestnut_bellied_Titi,Plecturocebus_caligatus,Plecturocebus_caligatus,1,0,0,0,0,0,0,241,NA
Pitheciidae,Plecturocebus,Caquetá_Titi,Plecturocebus_caquetensis,Plecturocebus_caquetensis,1,0,0,0,1,0,0,1115,NA
Pitheciidae,Plecturocebus,Ashy_Titi,Plecturocebus_cinerascens,Plecturocebus_cinerascens,1,0,0,0,0,0,0,241,NA
Pitheciidae,Plecturocebus,Coppery_Titi,Plecturocebus_cupreus,Plecturocebus_cupreus,1,0,0,0,0,0,0,926,NA
Pitheciidae,Plecturocebus,Red_crowned_Titi,Plecturocebus_discolor,Plecturocebus_discolor,1,0,0,0,1,0,0,253,263
Pitheciidae,Plecturocebus,White_eared_Titi,Plecturocebus_donacophilus,Plecturocebus_donacophilus,1,1,0,0,1,0,0,251,
Pitheciidae,Plecturocebus,Hoffmann_s_Titi,Plecturocebus_hoffmannsi,Plecturocebus_hoffmannsi,1,0,0,0,1,0,0,241,1116
Pitheciidae,Plecturocebus,Milton´s_titi_monkey,Plecturocebus_miltoni,Plecturocebus_miltoni,0,0,0,0,0,0,0,NA,NA
Pitheciidae,Plecturocebus,Rio_Beni_Titi,Plecturocebus_modestus,Plecturocebus_modestus,1,0,1,0,1,0,0,251,
Pitheciidae,Plecturocebus,Red_bellied_Titi,Plecturocebus_moloch,Plecturocebus_moloch,1,0,0,0,0,0,0,241,NA
Pitheciidae,Plecturocebus,San_Martín_Titi,Plecturocebus_oenanthe,Plecturocebus_oenanthe,1,0,1,0,1,0,0,252,
Pitheciidae,Plecturocebus,Olalla_s_Titi,Plecturocebus_olallae,Plecturocebus_olallae,1,1,1,0,1,0,0,251,
Pitheciidae,Plecturocebus,Ornate_Titi,Plecturocebus_ornatus,Plecturocebus_ornatus,1,0,0,0,0,0,0,934,NA
Pitheciidae,Plecturocebus,Pale_Titi,Plecturocebus_pallescens,Plecturocebus_pallescens,1,0,1,0,1,0,0,935,NA
Pitheciidae,Plecturocebus,Stephen_Nash_s_Titi,Plecturocebus_stephennashi,Plecturocebus_stephennashi,1,0,0,0,0,0,0,241,NA
Pitheciidae,Plecturocebus,Toppin’s_Titi,Plecturocebus_toppini,Plecturocebus_toppini,0,0,0,0,0,0,0,NA,NA
Pitheciidae,Plecturocebus,Urubamba_Brown_Titi,Plecturocebus_urubambensis,Plecturocebus_urubambensis,0,0,0,0,0,0,0,NA,NA
Pitheciidae,Plecturocebus,Vieira_s_Titi,Plecturocebus_vieirai,Plecturocebus_vieirai,1,0,0,0,1,0,0,1117,NA
Hominidae,Pongo,Sumatran_Orangutan,Pongo_abelii,Pongo_abelii,1,0,0,0,0,0,0,227,NA
Hominidae,Pongo,Bornean_Orangutan,Pongo_pygmaeus,Pongo_pygmaeus,1,0,0,0,0,0,0,227,NA
Hominidae,Pongo,Tapanuli_Orangutan,NA,Pongo_tapanuliensis,NA,NA,NA,NA,NA,NA,NA,NA,NA
Cercopithecidae,Presbytis,Black_and_white_Langur,Presbytis_bicolor,Presbytis_bicolor,1,0,0,0,0,0,0,1118,NA
Cercopithecidae,Presbytis,Miller_s_Langur,Presbytis_canicrus,Presbytis_canicrus,1,0,0,0,0,0,0,940,NA
Cercopithecidae,Presbytis,Cross_marked_Langur,Presbytis_chrysomelas,Presbytis_chrysomelas,1,0,0,0,0,0,0,227,NA
Cercopithecidae,Presbytis,Javan_Langur,Presbytis_comata,Presbytis_comata,1,0,0,0,0,0,0,227,NA
Cercopithecidae,Presbytis,Banded_Langur,Presbytis_femoralis,Presbytis_femoralis,1,0,0,1,1,0,0,227,NA
Cercopithecidae,Presbytis,White_fronted_Langur,Presbytis_frontata,Presbytis_frontata,1,0,0,0,0,0,0,227,NA
Cercopithecidae,Presbytis,Hose_s_Langur,Presbytis_hosei,Presbytis_hosei,1,0,0,0,0,0,0,227,NA
Cercopithecidae,Presbytis,Black_crested_Sumatran_Langur,Presbytis_melalophos,Presbytis_melalophos,1,0,1,0,0,0,0,227,NA
Cercopithecidae,Presbytis,Mitered_Langur,Presbytis_mitrata,Presbytis_mitrata,1,0,1,0,0,0,0,1087,NA
Cercopithecidae,Presbytis,Natuna_Islands_Langur,Presbytis_natunae,Presbytis_natunae,1,0,0,0,0,0,0,227,NA
Cercopithecidae,Presbytis,Mentawai_Langur,Presbytis_potenziani,Presbytis_potenziani,1,0,0,0,0,0,0,227,NA
Cercopithecidae,Presbytis,Maroon_Langur,Presbytis_rubicunda,Presbytis_rubicunda,1,0,0,0,0,0,0,227,NA
Cercopithecidae,Presbytis,Sabah_Grizzled_Langur,Presbytis_sabana,Presbytis_sabana,1,0,0,0,0,0,0,948,NA
Cercopithecidae,Presbytis,Pale_thighed_Langur,Presbytis_siamensis,Presbytis_siamensis,1,0,0,0,0,0,0,227,NA
Cercopithecidae,Presbytis,Siberut_Langur,Presbytis_siberu,Presbytis_siberu,1,0,0,0,1,0,0,1119,NA
Cercopithecidae,Presbytis,Black_Sumatran_Langur,Presbytis_sumatrana,Presbytis_sumatrana,1,0,0,0,0,0,0,1087,NA
Cercopithecidae,Presbytis,Thomas_s_Langur,Presbytis_thomasi,Presbytis_thomasi,1,0,0,0,0,0,0,227,NA
Cercopithecidae,Procolobus,Olive_Colobus,Procolobus_verus,Procolobus_verus,1,0,0,0,0,0,0,227,NA
Lemuridae,Prolemur,Greater_Bamboo_Lemur,Prolemur_simus,Prolemur_simus,1,0,0,0,0,0,0,227,NA
Indriidae,Propithecus,Silky_Sifaka,Propithecus_candidus,Propithecus_candidus,1,0,0,0,0,0,0,227,NA
Indriidae,Propithecus,Coquerel_s_Sifaka,Propithecus_coquereli,Propithecus_coquereli,1,0,0,0,0,0,0,227,NA
Indriidae,Propithecus,Crowned_Sifaka,Propithecus_coronatus,Propithecus_coronatus,1,0,0,0,0,0,0,227,NA
Indriidae,Propithecus,Decken_s_Sifaka,Propithecus_deckenii,Propithecus_deckenii,1,0,0,0,0,0,0,227,NA
Indriidae,Propithecus,Diademed_Sifaka,Propithecus_diadema,Propithecus_diadema,1,0,0,0,0,0,0,227,NA
Indriidae,Propithecus,Milne_Edwards_s_Sifaka,Propithecus_edwardsi,Propithecus_edwardsi,1,0,0,0,0,0,0,227,NA
Indriidae,Propithecus,Perrier_s_Sifaka,Propithecus_perrieri,Propithecus_perrieri,1,0,0,0,0,0,0,227,NA
Indriidae,Propithecus,Tattersall_s_Sifaka,Propithecus_tattersalli,Propithecus_tattersalli,1,0,0,0,0,0,0,227,NA
Indriidae,Propithecus,Verreaux_s_Sifaka,Propithecus_verreauxi,Propithecus_verreauxi,1,0,1,0,0,0,0,227,NA
Cercopithecidae,Pygathrix,Grey_shanked_Douc,Pygathrix_cinerea,Pygathrix_cinerea,1,0,0,0,0,0,0,227,NA
Cercopithecidae,Pygathrix,Red_shanked_Douc,Pygathrix_nemaeus,Pygathrix_nemaeus,1,0,0,0,0,0,0,227,NA
Cercopithecidae,Pygathrix,Black_shanked_Douc,Pygathrix_nigripes,Pygathrix_nigripes,1,0,0,0,0,0,0,227,NA
Cercopithecidae,Rhinopithecus,Tonkin_Snub_nosed_Monkey,Rhinopithecus_avunculus,Rhinopithecus_avunculus,1,0,0,0,0,0,0,227,NA
Cercopithecidae,Rhinopithecus,Yunnan_Snub_nosed_Monkey,Rhinopithecus_bieti,Rhinopithecus_bieti,1,0,0,0,0,0,0,227,NA
Cercopithecidae,Rhinopithecus,Guizhou_Snub_nosed_Monkey,Rhinopithecus_brelichi,Rhinopithecus_brelichi,1,0,0,0,0,0,0,227,NA
Cercopithecidae,Rhinopithecus,Golden_Snub_nosed_Monkey,Rhinopithecus_roxellana,Rhinopithecus_roxellana,1,0,0,0,0,0,0,227,NA
Cercopithecidae,Rhinopithecus,Stryker_s_Snub_nosed_Monkey,Rhinopithecus_strykeri,Rhinopithecus_strykeri,1,0,0,0,0,0,0,227,NA
Cercopithecidae,Rungwecebus,Kipunji,Rungwecebus_kipunji,Rungwecebus_kipunji,1,0,0,0,0,0,0,227,NA
Callitrichidae,Saguinus,Pied_Tamarin,Saguinus_bicolor,Saguinus_bicolor,1,0,0,0,0,0,0,227,NA
Callitrichidae,Saguinus,Geoffroy_s_Tamarin,Saguinus_geoffroyi,Saguinus_geoffroyi,1,0,0,0,0,0,0,227,NA
Callitrichidae,Saguinus,Emperor_Tamarin,Saguinus_imperator,Saguinus_imperator,1,0,0,0,0,0,0,227,NA
Callitrichidae,Saguinus,Mottled_face_Tamarin,Saguinus_inustus,Saguinus_inustus,1,0,0,0,0,0,0,227,NA
Callitrichidae,Saguinus,Red_bellied_Tamarin,Saguinus_labiatus,Saguinus_labiatus,1,0,0,0,0,0,0,227,NA
Callitrichidae,Saguinus,White_footed_Tamarin,Saguinus_leucopus,Saguinus_leucopus,1,0,0,0,0,0,0,227,NA
Callitrichidae,Saguinus,Martin_s_Bare_faced_Tamarin,Saguinus_martinsi,Saguinus_martinsi,1,0,0,0,0,0,0,227,NA
Callitrichidae,Saguinus,Midas_Tamarin,Saguinus_midas,Saguinus_midas,1,1,0,0,0,0,0,227,NA
Callitrichidae,Saguinus,Mustached_Tamarin,Saguinus_mystax,Saguinus_mystax,1,0,0,0,0,0,0,227,NA
Callitrichidae,Saguinus,Western_Black_handed_Tamarin,Saguinus_niger,Saguinus_niger,1,0,0,0,0,0,0,227,NA
Callitrichidae,Saguinus,Cotton_top_Tamarin,Saguinus_oedipus,Saguinus_oedipus,1,0,0,0,0,0,0,227,NA
Callitrichidae,Saguinus,Eastern_Black_handed_Tamarin,Saguinus_ursulus,Saguinus_ursulus,0,0,0,0,0,0,0,NA,NA
Cebidae,Saimiri,Black_capped_Squirrel_Monkey,Saimiri_boliviensis,Saimiri_boliviensis,1,0,0,0,0,0,0,227,NA
Cebidae,Saimiri,Humboldt_s_Squirrel_Monkey,Saimiri_cassiquiarensis,Saimiri_cassiquiarensis,1,1,1,0,1,0,0,1021,NA
Cebidae,Saimiri,Collins'_Squirrel_Monkey,NA,Saimiri_collinsi,NA,NA,NA,NA,NA,NA,NA,NA,NA
Cebidae,Saimiri,Ecuadorian_Squirrel_Monkey,Saimiri_macrodon,Saimiri_macrodon,1,0,0,0,0,0,0,1021,NA
Cebidae,Saimiri,Central_American_Squirrel_Monkey,Saimiri_oerstedii,Saimiri_oerstedii,1,0,0,0,0,0,0,227,NA
Cebidae,Saimiri,Guianan_Squirrel_Monkey,Saimiri_sciureus,Saimiri_sciureus,1,0,0,0,0,0,0,227,NA
Cebidae,Saimiri,Golden_backed_Squirrel_Monkey,Saimiri_ustus,Saimiri_ustus,1,0,0,0,0,0,0,227,NA
Cebidae,Saimiri,Black_headed_Squirrel_Monkey,Saimiri_vanzolinii,Saimiri_vanzolinii,1,0,0,0,0,0,0,227,NA
Cebidae,Sapajus,Guianan_Brown_Capuchin,Sapajus_apella,Sapajus_apella,1,1,0,0,0,0,0,227,NA
Cebidae,Sapajus,Hooded_Capuchin,Sapajus_cay,Sapajus_cay,1,1,0,0,0,0,0,227,NA
Cebidae,Sapajus,Blond_Capuchin,Sapajus_flavius,Sapajus_flavius,1,0,0,0,0,0,0,227,NA
Cebidae,Sapajus,Bearded_Capuchin,Sapajus_libidinosus,Sapajus_libidinosus,1,1,0,0,0,0,0,227,NA
Cebidae,Sapajus,Large_headed_Capuchin,Sapajus_macrocephalus,Sapajus_macrocephalus,1,0,0,0,0,0,0,227,NA
Cebidae,Sapajus,Black_horned_Capuchin,Sapajus_nigritus,Sapajus_nigritus,1,0,0,0,0,0,0,227,NA
Cebidae,Sapajus,Crested_Capuchin,Sapajus_robustus,Sapajus_robustus,1,0,0,0,0,0,0,227,NA
Cebidae,Sapajus,Yellow_breasted_Capuchin,Sapajus_xanthosternos,Sapajus_xanthosternos,1,0,0,0,0,0,0,227,NA
Galagidae,Sciurocheirus,Bioko_Squirrel_Galago,Sciurocheirus_alleni,Sciurocheirus_alleni,1,0,0,0,0,0,0,227,NA
Galagidae,Sciurocheirus,Cross_River_Squirrel_Galago,Sciurocheirus_cameronensis,NA,1,0,0,0,0,0,0,1120,NA
Galagidae,Sciurocheirus,Gabon_Squirrel_Galago,Sciurocheirus_gabonensis,Sciurocheirus_gabonensis,1,0,0,0,0,0,0,227,NA
Galagidae,Sciurocheirus,Makandé_squirrel_galago,Sciurocheirus_makandensis,Sciurocheirus_makandensis,0,0,0,0,0,0,0,NA,NA
Cercopithecidae,Semnopithecus,Chamba_Sacred_Langur,Semnopithecus_ajax,Semnopithecus_ajax,1,0,0,0,0,0,0,227,NA
Cercopithecidae,Semnopithecus,Bengal_Sacred_Langur,Semnopithecus_entellus,Semnopithecus_entellus,1,1,1,0,0,0,0,227,NA
Cercopithecidae,Semnopithecus,Terai_Sacred_Langur,Semnopithecus_hector,Semnopithecus_hector,1,0,0,0,0,0,0,227,NA
Cercopithecidae,Semnopithecus,Malabar_Sacred_Langur,Semnopithecus_hypoleucos,Semnopithecus_hypoleucos,1,0,0,0,0,0,0,227,NA
Cercopithecidae,Semnopithecus,Nilgiri_Langur,Semnopithecus_johnii,Semnopithecus_johnii,1,0,0,0,0,0,0,227,NA
Cercopithecidae,Semnopithecus,Tufted_Gray_Langur,Semnopithecus_priam,Semnopithecus_priam,1,0,1,0,0,0,0,227,NA
Cercopithecidae,Semnopithecus,Nepal_Sacred_Langur,Semnopithecus_schistaceus,Semnopithecus_schistaceus,1,0,1,0,0,1,0,227,NA
Cercopithecidae,Semnopithecus,Purple_faced_Langur,Semnopithecus_vetulus,Semnopithecus_vetulus,1,0,0,0,0,1,0,1143,NA
Cercopithecidae,Simias,Pig_tailed_Langur,Simias_concolor,Simias_concolor,1,0,0,0,0,0,0,227,NA
Hylobatidae,Symphalangus,Siamang,Symphalangus_syndactylus,Symphalangus_syndactylus,1,0,0,0,0,0,0,227,NA
Tarsiidae,Tarsius,Dian_s_Tarsier,Tarsius_dentatus,Tarsius_dentatus,1,0,0,0,0,0,0,227,NA
Tarsiidae,Tarsius,Makassar_Tarsier,Tarsius_fuscus,Tarsius_fuscus,1,0,0,0,0,0,0,227,NA
Tarsiidae,Tarsius,Lariang_Tarsier,Tarsius_lariang,Tarsius_lariang,1,0,0,0,0,0,0,227,NA
Tarsiidae,Tarsius,Peleng_Tarsier,Tarsius_pelengensis,Tarsius_pelengensis,1,0,0,0,0,0,0,227,NA
Tarsiidae,Tarsius,Sulawesi_Mountain_Tarsier,Tarsius_pumilus,Tarsius_pumilus,1,0,0,0,0,0,0,227,NA
Tarsiidae,Tarsius,Great_Sangihe_Tarsier,Tarsius_sangirensis,Tarsius_sangirensis,1,0,0,0,1,0,0,227,NA
Tarsiidae,Tarsius,Gursky's_Spectral_Tarsier ,NA,Tarsius_spectrumgurskyae,NA,NA,NA,NA,NA,NA,NA,NA,NA
Tarsiidae,Tarsius,Jatna's_Tarsier,NA,Tarsius_supriatnai,NA,NA,NA,NA,NA,NA,NA,NA,NA
Tarsiidae,Tarsius,Selayar_Tarsier,Tarsius_tarsier,Tarsius_tarsier,1,0,0,0,0,0,0,227,NA
Tarsiidae,Tarsius,Siau_Island_Tarsier,Tarsius_tumpara,Tarsius_tumpara,1,0,0,0,0,0,0,227,NA
Tarsiidae,Tarsius,Wallace_s_Tarsier,Tarsius_wallacei,Tarsius_wallacei,1,0,0,0,1,0,0,227,NA
Cercopithecidae,Theropithecus,Gelada,Theropithecus_gelada,Theropithecus_gelada,0,0,0,1,0,1,0,227,NA
Cercopithecidae,Trachypithecus,East_Javan_Langur,Trachypithecus_auratus,Trachypithecus_auratus,1,0,0,0,0,0,0,227,NA
Cercopithecidae,Trachypithecus,Tenasserim_Langur,Trachypithecus_barbei,Trachypithecus_barbei,1,0,0,0,0,0,0,227,NA
Cercopithecidae,Trachypithecus,Indochinese_Gray_Langur,Trachypithecus_crepusculus,Trachypithecus_crepusculus,1,0,0,0,0,0,0,1121,NA
Cercopithecidae,Trachypithecus,Silvered_Langur,Trachypithecus_cristatus,Trachypithecus_cristatus,1,0,0,0,0,0,0,227,NA
Cercopithecidae,Trachypithecus,Delacour_s_Langur,Trachypithecus_delacouri,Trachypithecus_delacouri,1,0,0,0,0,0,0,227,NA
Cercopithecidae,Trachypithecus,Black_Langur,Trachypithecus_ebenus,Trachypithecus_ebenus,1,0,0,0,0,1,0,227,NA
Cercopithecidae,Trachypithecus,Francois_s_Langur,Trachypithecus_francoisi,Trachypithecus_francoisi,1,0,0,0,0,0,0,227,NA
Cercopithecidae,Trachypithecus,Golden_Langur,Trachypithecus_geei,Trachypithecus_geei,1,0,0,0,0,0,0,227,NA
Cercopithecidae,Trachypithecus,Germain_s_Langur,Trachypithecus_germaini,Trachypithecus_germaini,1,0,0,0,0,0,0,227,NA
Cercopithecidae,Trachypithecus,Hatinh_Langur,Trachypithecus_hatinhensis,Trachypithecus_hatinhensis,1,0,0,0,0,1,0,227,NA
Cercopithecidae,Trachypithecus,Laos_Langur,Trachypithecus_laotum,Trachypithecus_laotum,1,0,0,0,0,1,0,227,NA
Cercopithecidae,Trachypithecus,White_headed_Langur,Trachypithecus_leucocephalus,Trachypithecus_leucocephalus,1,0,1,0,0,0,0,255,
Cercopithecidae,Trachypithecus,Annamese_Langur,Trachypithecus_margarita,Trachypithecus_margarita,1,0,0,0,0,0,0,227,NA
Cercopithecidae,Trachypithecus,West_Javan_Langur,Trachypithecus_mauritius,Trachypithecus_mauritius,1,0,0,0,1,0,0,1088,NA
Cercopithecidae,Trachypithecus,Dusky_Langur,Trachypithecus_obscurus,Trachypithecus_obscurus,1,0,0,0,0,0,0,227,NA
Cercopithecidae,Trachypithecus,Phayre_s_Langur,Trachypithecus_phayrei,Trachypithecus_phayrei,1,1,0,0,0,0,0,227,NA
Cercopithecidae,Trachypithecus,Capped_Langur,Trachypithecus_pileatus,Trachypithecus_pileatus,1,0,0,0,0,0,0,227,NA
Cercopithecidae,Trachypithecus,Cat_Ba_Langur,Trachypithecus_poliocephalus,Trachypithecus_poliocephalus,1,0,1,0,0,0,0,254,199
Cercopithecidae,Trachypithecus,Selangor_Silvery_Langur,Trachypithecus_selangorensis,Trachypithecus_selangorensis,1,0,0,0,0,0,0,1095,NA
Cercopithecidae,Trachypithecus,Shortridge_s_Langur,Trachypithecus_shortridgei,Trachypithecus_shortridgei,1,0,0,0,0,0,0,227,NA
Lemuridae,Varecia,Red_Ruffed_Lemur,Varecia_rubra,Varecia_rubra,1,0,0,0,0,0,0,227,NA
Lemuridae,Varecia,Black_and_white_Ruffed_Lemur,Varecia_variegata,Varecia_variegata,1,0,0,0,0,0,0,227,NA
